lr-Adam,step,train/loss,epoch,val/loss,val/CER,val/IER,val/DER,val/SER,train/CER,train/IER,train/DER,train/SER
1e-08,0,,,,,,,,,,,
,49,111.98670959472656,0,,,,,,,,,
,99,112.21480560302734,0,,,,,,,,,
,149,107.2110824584961,0,,,,,,,,,
,199,169.6505584716797,0,,,,,,,,,
,249,221.2205810546875,0,,,,,,,,,
,299,163.2099609375,0,,,,,,,,,
,349,120.612548828125,0,,,,,,,,,
,399,101.08314514160156,0,,,,,,,,,
,449,126.81278991699219,0,,,,,,,,,
,499,117.29771423339844,0,,,,,,,,,
,549,171.23233032226562,0,,,,,,,,,
,599,109.09864807128906,0,,,,,,,,,
,649,99.15165710449219,0,,,,,,,,,
,699,131.0765380859375,0,,,,,,,,,
,743,,0,135.00181579589844,1747.2235107421875,0.037436045706272125,1678.3287353515625,68.85736846923828,,,,
,743,,0,,,,,,1729.8447265625,0.02900325506925583,1660.2742919921875,69.54142761230469
0.00011112,744,,,,,,,,,,,
,749,29.995731353759766,1,,,,,,,,,
,799,4.021396636962891,1,,,,,,,,,
,849,3.7385737895965576,1,,,,,,,,,
,899,3.6012508869171143,1,,,,,,,,,
,949,3.6482014656066895,1,,,,,,,,,
,999,3.716949224472046,1,,,,,,,,,
,1049,3.496932029724121,1,,,,,,,,,
,1099,3.6197946071624756,1,,,,,,,,,
,1149,3.491255521774292,1,,,,,,,,,
,1199,3.423767566680908,1,,,,,,,,,
,1249,3.402688503265381,1,,,,,,,,,
,1299,3.395097017288208,1,,,,,,,,,
,1349,3.422438621520996,1,,,,,,,,,
,1399,3.4481425285339355,1,,,,,,,,,
,1449,3.48095965385437,1,,,,,,,,,
,1487,,1,3.40887451171875,100.0,100.0,0.0,0.0,,,,
,1487,,1,,,,,,104.9045181274414,99.16258239746094,5.067096710205078,0.6748387217521667
0.00022223000000000002,1488,,,,,,,,,,,
,1499,3.476308822631836,2,,,,,,,,,
,1549,3.3682239055633545,2,,,,,,,,,
,1599,3.420560359954834,2,,,,,,,,,
,1649,3.8043413162231445,2,,,,,,,,,
,1699,3.334679126739502,2,,,,,,,,,
,1749,3.2861952781677246,2,,,,,,,,,
,1799,3.2765140533447266,2,,,,,,,,,
,1849,3.363534450531006,2,,,,,,,,,
,1899,3.5183897018432617,2,,,,,,,,,
,1949,3.3050389289855957,2,,,,,,,,,
,1999,3.1540579795837402,2,,,,,,,,,
,2049,3.290492534637451,2,,,,,,,,,
,2099,3.2118160724639893,2,,,,,,,,,
,2149,3.270453453063965,2,,,,,,,,,
,2199,3.175264835357666,2,,,,,,,,,
,2231,,2,3.245802879333496,100.0,100.0,0.0,0.0,,,,
,2231,,2,,,,,,100.0,100.0,0.0,0.0
0.00033334,2232,,,,,,,,,,,
,2249,3.221797227859497,3,,,,,,,,,
,2299,3.3769261837005615,3,,,,,,,,,
,2349,3.2294297218322754,3,,,,,,,,,
,2399,3.2025177478790283,3,,,,,,,,,
,2449,3.3398094177246094,3,,,,,,,,,
,2499,3.3771095275878906,3,,,,,,,,,
,2549,4.0835347175598145,3,,,,,,,,,
,2599,3.337193012237549,3,,,,,,,,,
,2649,3.1846609115600586,3,,,,,,,,,
,2699,3.205317974090576,3,,,,,,,,,
,2749,3.363823175430298,3,,,,,,,,,
,2799,3.3185677528381348,3,,,,,,,,,
,2849,3.3065927028656006,3,,,,,,,,,
,2899,3.248715877532959,3,,,,,,,,,
,2949,3.2518110275268555,3,,,,,,,,,
,2975,,3,3.1791069507598877,100.0,100.0,0.0,0.0,,,,
,2975,,3,,,,,,100.0,100.0,0.0,0.0
0.00044445,2976,,,,,,,,,,,
,2999,3.27986216545105,4,,,,,,,,,
,3049,3.0967798233032227,4,,,,,,,,,
,3099,3.2409310340881348,4,,,,,,,,,
,3149,3.2070279121398926,4,,,,,,,,,
,3199,3.5424208641052246,4,,,,,,,,,
,3249,3.1328539848327637,4,,,,,,,,,
,3299,3.2963027954101562,4,,,,,,,,,
,3349,3.2188093662261963,4,,,,,,,,,
,3399,3.198976755142212,4,,,,,,,,,
,3449,3.162461280822754,4,,,,,,,,,
,3499,3.134946823120117,4,,,,,,,,,
,3549,3.145972728729248,4,,,,,,,,,
,3599,3.2576990127563477,4,,,,,,,,,
,3649,3.162714958190918,4,,,,,,,,,
,3699,3.1067051887512207,4,,,,,,,,,
,3719,,4,3.1300346851348877,100.0,100.0,0.0,0.0,,,,
,3719,,4,,,,,,100.0,100.0,0.0,0.0
0.00055556,3720,,,,,,,,,,,
,3749,3.177906036376953,5,,,,,,,,,
,3799,3.2169220447540283,5,,,,,,,,,
,3849,3.355135440826416,5,,,,,,,,,
,3899,3.1989808082580566,5,,,,,,,,,
,3949,3.119513511657715,5,,,,,,,,,
,3999,2.992650032043457,5,,,,,,,,,
,4049,3.1205086708068848,5,,,,,,,,,
,4099,3.1030125617980957,5,,,,,,,,,
,4149,3.1720361709594727,5,,,,,,,,,
,4199,3.0296828746795654,5,,,,,,,,,
,4249,3.1892800331115723,5,,,,,,,,,
,4299,3.1049046516418457,5,,,,,,,,,
,4349,3.1214747428894043,5,,,,,,,,,
,4399,3.104360580444336,5,,,,,,,,,
,4449,3.203852891921997,5,,,,,,,,,
,4463,,5,3.0204885005950928,100.0,100.0,0.0,0.0,,,,
,4463,,5,,,,,,100.0,100.0,0.0,0.0
0.00066667,4464,,,,,,,,,,,
,4499,3.2923717498779297,6,,,,,,,,,
,4549,3.0999011993408203,6,,,,,,,,,
,4599,3.0114407539367676,6,,,,,,,,,
,4649,2.9827992916107178,6,,,,,,,,,
,4699,3.016315460205078,6,,,,,,,,,
,4749,3.0190958976745605,6,,,,,,,,,
,4799,2.9952869415283203,6,,,,,,,,,
,4849,3.068917751312256,6,,,,,,,,,
,4899,2.9604310989379883,6,,,,,,,,,
,4949,3.0689244270324707,6,,,,,,,,,
,4999,3.0326719284057617,6,,,,,,,,,
,5049,2.9296865463256836,6,,,,,,,,,
,5099,2.8859171867370605,6,,,,,,,,,
,5149,2.9022278785705566,6,,,,,,,,,
,5199,2.8937196731567383,6,,,,,,,,,
,5207,,6,2.8349456787109375,100.0,99.99861145019531,0.0,0.0013865202199667692,,,,
,5207,,6,,,,,,99.99871063232422,99.99871063232422,0.0,0.0
0.0007777799999999999,5208,,,,,,,,,,,
,5249,2.940673828125,7,,,,,,,,,
,5299,2.9364395141601562,7,,,,,,,,,
,5349,2.8640642166137695,7,,,,,,,,,
,5399,2.8669588565826416,7,,,,,,,,,
,5449,2.924715042114258,7,,,,,,,,,
,5499,2.781148910522461,7,,,,,,,,,
,5549,2.825887441635132,7,,,,,,,,,
,5599,2.8429136276245117,7,,,,,,,,,
,5649,2.869523048400879,7,,,,,,,,,
,5699,2.6938529014587402,7,,,,,,,,,
,5749,2.7235684394836426,7,,,,,,,,,
,5799,2.721989631652832,7,,,,,,,,,
,5849,2.74967622756958,7,,,,,,,,,
,5899,2.7049314975738525,7,,,,,,,,,
,5949,2.67911958694458,7,,,,,,,,,
,5951,,7,2.531710147857666,99.28178405761719,99.26514434814453,0.0,0.016638243570923805,,,,
,5951,,7,,,,,,99.87059783935547,99.86672973632812,0.0,0.0038628557231277227
0.0008888899999999999,5952,,,,,,,,,,,
,5999,2.6280384063720703,8,,,,,,,,,
,6049,2.770169258117676,8,,,,,,,,,
,6099,2.6483922004699707,8,,,,,,,,,
,6149,2.5728769302368164,8,,,,,,,,,
,6199,2.4487357139587402,8,,,,,,,,,
,6249,2.6469783782958984,8,,,,,,,,,
,6299,2.4924421310424805,8,,,,,,,,,
,6349,2.378934383392334,8,,,,,,,,,
,6399,2.456054925918579,8,,,,,,,,,
,6449,2.704188823699951,8,,,,,,,,,
,6499,2.562204599380493,8,,,,,,,,,
,6549,2.353764057159424,8,,,,,,,,,
,6599,2.28627872467041,8,,,,,,,,,
,6649,2.4365782737731934,8,,,,,,,,,
,6695,,8,2.2361831665039062,81.70625305175781,76.86591339111328,0.037436045706272125,4.802906036376953,,,,
,6695,,8,,,,,,93.82366943359375,92.68269348144531,0.01094923447817564,1.1300253868103027
0.001,6696,,,,,,,,,,,
,6699,2.451432466506958,9,,,,,,,,,
,6749,2.2198193073272705,9,,,,,,,,,
,6799,2.3689687252044678,9,,,,,,,,,
,6849,2.5933279991149902,9,,,,,,,,,
,6899,2.1625843048095703,9,,,,,,,,,
,6949,2.299455165863037,9,,,,,,,,,
,6999,2.376514434814453,9,,,,,,,,,
,7049,2.1785879135131836,9,,,,,,,,,
,7099,2.274385929107666,9,,,,,,,,,
,7149,2.289386034011841,9,,,,,,,,,
,7199,2.185422420501709,9,,,,,,,,,
,7249,2.223482608795166,9,,,,,,,,,
,7299,2.0008909702301025,9,,,,,,,,,
,7349,2.1179099082946777,9,,,,,,,,,
,7399,2.0479371547698975,9,,,,,,,,,
,7439,,9,1.8889867067337036,54.30306625366211,36.0703239440918,0.7833839654922485,17.449357986450195,,,,
,7439,,9,,,,,,74.3829116821289,65.25340270996094,0.21374399960041046,8.915763854980469
0.001,7440,,,,,,,,,,,
,7449,2.0138142108917236,10,,,,,,,,,
,7499,1.924777626991272,10,,,,,,,,,
,7549,1.9281976222991943,10,,,,,,,,,
,7599,2.2562389373779297,10,,,,,,,,,
,7649,1.9076564311981201,10,,,,,,,,,
,7699,2.22092342376709,10,,,,,,,,,
,7749,2.028748035430908,10,,,,,,,,,
,7799,2.031909942626953,10,,,,,,,,,
,7849,1.9556634426116943,10,,,,,,,,,
,7899,2.0636143684387207,10,,,,,,,,,
,7949,1.8131815195083618,10,,,,,,,,,
,7999,1.877770185470581,10,,,,,,,,,
,8049,2.1001458168029785,10,,,,,,,,,
,8099,1.9881863594055176,10,,,,,,,,,
,8149,2.001485824584961,10,,,,,,,,,
,8183,,10,1.735185146331787,46.143394470214844,26.314767837524414,1.3255133628845215,18.50311279296875,,,,
,8183,,10,,,,,,57.4181022644043,40.83426284790039,0.6892620325088501,15.894575119018555
0.000999874243353782,8184,,,,,,,,,,,
,8199,1.9547851085662842,11,,,,,,,,,
,8249,2.1752829551696777,11,,,,,,,,,
,8299,1.6628000736236572,11,,,,,,,,,
,8349,2.0010247230529785,11,,,,,,,,,
,8399,2.053151845932007,11,,,,,,,,,
,8449,1.7176270484924316,11,,,,,,,,,
,8499,1.8933449983596802,11,,,,,,,,,
,8549,1.9146796464920044,11,,,,,,,,,
,8599,1.6953407526016235,11,,,,,,,,,
,8649,2.031588554382324,11,,,,,,,,,
,8699,1.7448439598083496,11,,,,,,,,,
,8749,1.8700573444366455,11,,,,,,,,,
,8799,1.9191336631774902,11,,,,,,,,,
,8849,1.7019779682159424,11,,,,,,,,,
,8899,1.9005444049835205,11,,,,,,,,,
,8927,,11,1.5783902406692505,42.265296936035156,23.911928176879883,1.0884183645248413,17.264949798583984,,,,
,8927,,11,,,,,,51.047454833984375,33.21678924560547,0.9212054014205933,16.90945816040039
0.0009994970367373866,8928,,,,,,,,,,,
,8949,1.8768939971923828,12,,,,,,,,,
,8999,1.9824881553649902,12,,,,,,,,,
,9049,1.6680059432983398,12,,,,,,,,,
,9099,1.7184312343597412,12,,,,,,,,,
,9149,1.9127600193023682,12,,,,,,,,,
,9199,1.8742247819900513,12,,,,,,,,,
,9249,1.9094407558441162,12,,,,,,,,,
,9299,1.7010878324508667,12,,,,,,,,,
,9349,1.8380622863769531,12,,,,,,,,,
,9399,1.7863203287124634,12,,,,,,,,,
,9449,1.7415657043457031,12,,,,,,,,,
,9499,1.6768426895141602,12,,,,,,,,,
,9549,1.6179558038711548,12,,,,,,,,,
,9599,1.5476404428482056,12,,,,,,,,,
,9649,1.6907473802566528,12,,,,,,,,,
,9671,,12,1.5129389762878418,40.56542205810547,24.140703201293945,0.9899754524230957,15.434743881225586,,,,
,9671,,12,,,,,,46.74639129638672,28.726577758789062,1.0979560613632202,16.921857833862305
0.0009988685700857047,9672,,,,,,,,,,,
,9699,1.7951360940933228,13,,,,,,,,,
,9749,1.4765541553497314,13,,,,,,,,,
,9799,1.6336438655853271,13,,,,,,,,,
,9849,1.6519689559936523,13,,,,,,,,,
,9899,1.5956101417541504,13,,,,,,,,,
,9949,1.6873281002044678,13,,,,,,,,,
,9999,1.6509222984313965,13,,,,,,,,,
,10049,1.7062504291534424,13,,,,,,,,,
,10099,2.0256853103637695,13,,,,,,,,,
,10149,1.3982255458831787,13,,,,,,,,,
,10199,1.7897651195526123,13,,,,,,,,,
,10249,1.2947884798049927,13,,,,,,,,,
,10299,1.5946544408798218,13,,,,,,,,,
,10349,1.4211907386779785,13,,,,,,,,,
,10399,1.608626127243042,13,,,,,,,,,
,10415,,13,1.4259212017059326,38.03363800048828,22.202348709106445,1.1106027364730835,14.720685958862305,,,,
,10415,,13,,,,,,44.55495834350586,26.81219482421875,1.1866968870162964,16.55606460571289
0.0009979891598506218,10416,,,,,,,,,,,
,10449,1.6883693933486938,14,,,,,,,,,
,10499,1.507982611656189,14,,,,,,,,,
,10549,1.5640807151794434,14,,,,,,,,,
,10599,1.4820752143859863,14,,,,,,,,,
,10649,1.6438524723052979,14,,,,,,,,,
,10699,1.3698267936706543,14,,,,,,,,,
,10749,1.666114330291748,14,,,,,,,,,
,10799,1.6358306407928467,14,,,,,,,,,
,10849,1.491153597831726,14,,,,,,,,,
,10899,1.5533843040466309,14,,,,,,,,,
,10949,1.5424301624298096,14,,,,,,,,,
,10999,1.6416919231414795,14,,,,,,,,,
,11049,1.5549633502960205,14,,,,,,,,,
,11099,1.6754601001739502,14,,,,,,,,,
,11149,1.3189747333526611,14,,,,,,,,,
,11159,,14,1.3673979043960571,35.71953582763672,19.28095054626465,1.5445835590362549,14.894000053405762,,,,
,11159,,14,,,,,,42.204036712646484,24.981107711791992,1.2673044204711914,15.955623626708984
0.0009968592488416746,11160,,,,,,,,,,,
,11199,1.5850472450256348,15,,,,,,,,,
,11249,1.6696207523345947,15,,,,,,,,,
,11299,1.5863087177276611,15,,,,,,,,,
,11349,1.5599682331085205,15,,,,,,,,,
,11399,1.5303418636322021,15,,,,,,,,,
,11449,1.6169750690460205,15,,,,,,,,,
,11499,1.397627353668213,15,,,,,,,,,
,11549,1.4121609926223755,15,,,,,,,,,
,11599,1.6511856317520142,15,,,,,,,,,
,11649,1.6057860851287842,15,,,,,,,,,
,11699,1.5217466354370117,15,,,,,,,,,
,11749,1.8003205060958862,15,,,,,,,,,
,11799,1.4822863340377808,15,,,,,,,,,
,11849,1.5801535844802856,15,,,,,,,,,
,11899,1.5746558904647827,15,,,,,,,,,
,11903,,15,1.3511497974395752,34.55763244628906,17.951276779174805,1.713739037513733,14.892614364624023,,,,
,11903,,15,,,,,,40.5854377746582,23.59626007080078,1.3221876621246338,15.666991233825684
0.0009954794060030834,11904,,,,,,,,,,,
,11949,1.4775441884994507,16,,,,,,,,,
,11999,1.2875425815582275,16,,,,,,,,,
,12049,1.3985371589660645,16,,,,,,,,,
,12099,1.5032768249511719,16,,,,,,,,,
,12149,1.3500585556030273,16,,,,,,,,,
,12199,1.7148478031158447,16,,,,,,,,,
,12249,1.4675755500793457,16,,,,,,,,,
,12299,1.6868149042129517,16,,,,,,,,,
,12349,1.3284671306610107,16,,,,,,,,,
,12399,1.3299875259399414,16,,,,,,,,,
,12449,1.6457489728927612,16,,,,,,,,,
,12499,1.699347734451294,16,,,,,,,,,
,12549,1.2828161716461182,16,,,,,,,,,
,12599,1.5391690731048584,16,,,,,,,,,
,12647,,16,1.3155102729797363,34.715694427490234,19.572120666503906,1.3698819875717163,13.77369213104248,,,,
,12647,,16,,,,,,39.50885009765625,23.015186309814453,1.340118169784546,15.153545379638672
0.0009938503261272714,12648,,,,,,,,,,,
,12649,1.7167766094207764,17,,,,,,,,,
,12699,1.3398418426513672,17,,,,,,,,,
,12749,1.536197304725647,17,,,,,,,,,
,12799,1.6069462299346924,17,,,,,,,,,
,12849,1.2689402103424072,17,,,,,,,,,
,12899,1.416317105293274,17,,,,,,,,,
,12949,1.6313724517822266,17,,,,,,,,,
,12999,1.470198631286621,17,,,,,,,,,
,13049,1.3623747825622559,17,,,,,,,,,
,13099,1.481133222579956,17,,,,,,,,,
,13149,1.3335167169570923,17,,,,,,,,,
,13199,1.2782940864562988,17,,,,,,,,,
,13249,1.3409045934677124,17,,,,,,,,,
,13299,1.4245569705963135,17,,,,,,,,,
,13349,1.623356819152832,17,,,,,,,,,
,13391,,17,1.2964742183685303,33.44980239868164,17.69477081298828,1.638866901397705,14.116162300109863,,,,
,13391,,17,,,,,,38.12667465209961,21.977458953857422,1.3741751909255981,14.775041580200195
0.0009919728295050155,13392,,,,,,,,,,,
,13399,1.3991657495498657,18,,,,,,,,,
,13449,1.386335849761963,18,,,,,,,,,
,13499,1.2813827991485596,18,,,,,,,,,
,13549,1.4503564834594727,18,,,,,,,,,
,13599,1.356518030166626,18,,,,,,,,,
,13649,1.6036100387573242,18,,,,,,,,,
,13699,1.5759940147399902,18,,,,,,,,,
,13749,1.4710012674331665,18,,,,,,,,,
,13799,1.2394306659698486,18,,,,,,,,,
,13849,1.3547648191452026,18,,,,,,,,,
,13899,1.441066026687622,18,,,,,,,,,
,13949,1.376894235610962,18,,,,,,,,,
,13999,1.4668517112731934,18,,,,,,,,,
,14049,1.4211012125015259,18,,,,,,,,,
,14099,1.4421896934509277,18,,,,,,,,,
,14135,,18,1.2448784112930298,31.726356506347656,16.61467170715332,1.6513456106185913,13.460338592529297,,,,
,14135,,18,,,,,,37.664310455322266,21.79482650756836,1.393042802810669,14.476442337036133
0.0009898478615124062,14136,,,,,,,,,,,
,14149,1.3962042331695557,19,,,,,,,,,
,14199,1.4684319496154785,19,,,,,,,,,
,14249,1.5675482749938965,19,,,,,,,,,
,14299,1.746571660041809,19,,,,,,,,,
,14349,1.5616215467453003,19,,,,,,,,,
,14399,1.3452439308166504,19,,,,,,,,,
,14449,1.5449798107147217,19,,,,,,,,,
,14499,1.179693341255188,19,,,,,,,,,
,14549,1.4774246215820312,19,,,,,,,,,
,14599,1.1838873624801636,19,,,,,,,,,
,14649,1.4083322286605835,19,,,,,,,,,
,14699,1.3208034038543701,19,,,,,,,,,
,14749,1.2708823680877686,19,,,,,,,,,
,14799,1.4379346370697021,19,,,,,,,,,
,14849,1.3751351833343506,19,,,,,,,,,
,14879,,19,1.2758604288101196,33.38740921020508,18.021989822387695,1.565381407737732,13.800036430358887,,,,
,14879,,19,,,,,,36.15987014770508,20.848026275634766,1.3608380556106567,13.951006889343262
0.000987476492134821,14880,,,,,,,,,,,
,14899,1.5632127523422241,20,,,,,,,,,
,14949,1.3831425905227661,20,,,,,,,,,
,14999,1.3567252159118652,20,,,,,,,,,
,15049,1.3742313385009766,20,,,,,,,,,
,15099,1.382595419883728,20,,,,,,,,,
,15149,1.403201937675476,20,,,,,,,,,
,15199,1.4642841815948486,20,,,,,,,,,
,15249,1.3077971935272217,20,,,,,,,,,
,15299,1.3074735403060913,20,,,,,,,,,
,15349,1.5482065677642822,20,,,,,,,,,
,15399,1.3385488986968994,20,,,,,,,,,
,15449,1.525768756866455,20,,,,,,,,,
,15499,1.262355089187622,20,,,,,,,,,
,15549,1.261641502380371,20,,,,,,,,,
,15599,1.4309570789337158,20,,,,,,,,,
,15623,,20,1.2179805040359497,30.949905395507812,16.07947540283203,1.684622049331665,13.185807228088379,,,,
,15623,,20,,,,,,35.576255798339844,20.398914337158203,1.4186179637908936,13.7587251663208
0.0009848599154281552,15624,,,,,,,,,,,
,15649,1.4453668594360352,21,,,,,,,,,
,15699,1.4512858390808105,21,,,,,,,,,
,15749,1.391102910041809,21,,,,,,,,,
,15799,1.3383417129516602,21,,,,,,,,,
,15849,1.3826940059661865,21,,,,,,,,,
,15899,1.336656093597412,21,,,,,,,,,
,15949,1.5170179605484009,21,,,,,,,,,
,15999,1.3287029266357422,21,,,,,,,,,
,16049,1.229137897491455,21,,,,,,,,,
,16099,1.173964023590088,21,,,,,,,,,
,16149,1.2030901908874512,21,,,,,,,,,
,16199,1.486961007118225,21,,,,,,,,,
,16249,1.4523909091949463,21,,,,,,,,,
,16299,1.2962303161621094,21,,,,,,,,,
,16349,1.368993878364563,21,,,,,,,,,
,16367,,21,1.1978282928466797,30.69755744934082,16.269428253173828,1.4655518531799316,12.962577819824219,,,,
,16367,,21,,,,,,34.667625427246094,19.953468322753906,1.4400938749313354,13.274062156677246
0.0009819994489175788,16368,,,,,,,,,,,
,16399,1.316331386566162,22,,,,,,,,,
,16449,1.1338719129562378,22,,,,,,,,,
,16499,1.1788921356201172,22,,,,,,,,,
,16549,1.4044077396392822,22,,,,,,,,,
,16599,1.2853188514709473,22,,,,,,,,,
,16649,1.2035726308822632,22,,,,,,,,,
,16699,1.2330780029296875,22,,,,,,,,,
,16749,1.2952868938446045,22,,,,,,,,,
,16799,1.2146599292755127,22,,,,,,,,,
,16849,1.3852168321609497,22,,,,,,,,,
,16899,1.2433316707611084,22,,,,,,,,,
,16949,1.5143918991088867,22,,,,,,,,,
,16999,1.1361815929412842,22,,,,,,,,,
,17049,1.2990646362304688,22,,,,,,,,,
,17099,1.1107064485549927,22,,,,,,,,,
,17111,,22,1.1578142642974854,29.656282424926758,16.430265426635742,1.3490842580795288,11.876932144165039,,,,
,17111,,22,,,,,,34.172061920166016,19.665260314941406,1.4498114585876465,13.056988716125488
0.0009788965329341228,17112,,,,,,,,,,,
,17149,1.4044365882873535,23,,,,,,,,,
,17199,1.284290075302124,23,,,,,,,,,
,17249,1.4181488752365112,23,,,,,,,,,
,17299,1.103524923324585,23,,,,,,,,,
,17349,1.4064066410064697,23,,,,,,,,,
,17399,1.2285196781158447,23,,,,,,,,,
,17449,1.2291076183319092,23,,,,,,,,,
,17499,1.1538007259368896,23,,,,,,,,,
,17549,1.2053217887878418,23,,,,,,,,,
,17599,1.2776861190795898,23,,,,,,,,,
,17649,1.1067886352539062,23,,,,,,,,,
,17699,1.2490131855010986,23,,,,,,,,,
,17749,1.2343249320983887,23,,,,,,,,,
,17799,1.2027819156646729,23,,,,,,,,,
,17849,1.2354604005813599,23,,,,,,,,,
,17855,,23,1.1819121837615967,30.668441772460938,17.141550064086914,1.2034995555877686,12.323391914367676,,,,
,17855,,23,,,,,,33.54191589355469,19.273326873779297,1.4487056732177734,12.81988525390625
0.0009755527298894293,17856,,,,,,,,,,,
,17899,1.3266011476516724,24,,,,,,,,,
,17949,1.0665466785430908,24,,,,,,,,,
,17999,1.4077506065368652,24,,,,,,,,,
,18049,1.301933765411377,24,,,,,,,,,
,18099,1.2921643257141113,24,,,,,,,,,
,18149,1.3302831649780273,24,,,,,,,,,
,18199,1.2422590255737305,24,,,,,,,,,
,18249,1.268902063369751,24,,,,,,,,,
,18299,1.4474732875823975,24,,,,,,,,,
,18349,1.1736464500427246,24,,,,,,,,,
,18399,1.1934071779251099,24,,,,,,,,,
,18449,0.8575057983398438,24,,,,,,,,,
,18499,1.187065839767456,24,,,,,,,,,
,18549,1.2832164764404297,24,,,,,,,,,
,18599,1.1319453716278076,24,,,,,,,,,
,18599,,24,1.17409086227417,29.542587280273438,14.834380149841309,1.8620966672897339,12.846110343933105,,,,
,18599,,24,,,,,,32.94641876220703,18.891645431518555,1.455288052558899,12.59948444366455
0.0009719697234890296,18600,,,,,,,,,,,
,18649,1.2123754024505615,25,,,,,,,,,
,18699,1.278371810913086,25,,,,,,,,,
,18749,1.0433756113052368,25,,,,,,,,,
,18799,1.269284725189209,25,,,,,,,,,
,18849,1.1792770624160767,25,,,,,,,,,
,18899,1.413634181022644,25,,,,,,,,,
,18949,1.1737289428710938,25,,,,,,,,,
,18999,1.31278657913208,25,,,,,,,,,
,19049,1.2548748254776,25,,,,,,,,,
,19099,1.302454948425293,25,,,,,,,,,
,19149,1.188025951385498,25,,,,,,,,,
,19199,1.230118989944458,25,,,,,,,,,
,19249,1.1469478607177734,25,,,,,,,,,
,19299,1.3773226737976074,25,,,,,,,,,
,19343,,25,1.1616089344024658,30.593568801879883,18.332571029663086,0.9386742115020752,11.322324752807617,,,,
,19343,,25,,,,,,32.50155258178711,18.867748260498047,1.3923077583312988,12.241496086120605
0.0009681493178845487,19344,,,,,,,,,,,
,19349,1.0721932649612427,26,,,,,,,,,
,19399,1.0971038341522217,26,,,,,,,,,
,19449,1.0134303569793701,26,,,,,,,,,
,19499,1.321657657623291,26,,,,,,,,,
,19549,1.2912144660949707,26,,,,,,,,,
,19599,1.2792243957519531,26,,,,,,,,,
,19649,1.3183706998825073,26,,,,,,,,,
,19699,1.2067468166351318,26,,,,,,,,,
,19749,1.278809905052185,26,,,,,,,,,
,19799,1.0989340543746948,26,,,,,,,,,
,19849,1.3281649351119995,26,,,,,,,,,
,19899,1.2991523742675781,26,,,,,,,,,
,19949,1.1671464443206787,26,,,,,,,,,
,19999,1.2067286968231201,26,,,,,,,,,
,20049,1.2362878322601318,26,,,,,,,,,
,20087,,26,1.153265357017517,28.97134017944336,15.189329147338867,1.713739037513733,12.068272590637207,,,,
,20087,,26,,,,,,32.03703689575195,18.587486267089844,1.443635106086731,12.005914688110352
0.0009640934367652599,20088,,,,,,,,,,,
,20099,1.4050143957138062,27,,,,,,,,,
,20149,1.201954960823059,27,,,,,,,,,
,20199,1.2488415241241455,27,,,,,,,,,
,20249,1.3192023038864136,27,,,,,,,,,
,20299,1.181229591369629,27,,,,,,,,,
,20349,1.347931146621704,27,,,,,,,,,
,20399,1.5898444652557373,27,,,,,,,,,
,20449,1.2454032897949219,27,,,,,,,,,
,20499,1.2767819166183472,27,,,,,,,,,
,20549,1.2294514179229736,27,,,,,,,,,
,20599,1.285415768623352,27,,,,,,,,,
,20649,1.20491623878479,27,,,,,,,,,
,20699,1.3004391193389893,27,,,,,,,,,
,20749,1.2131742238998413,27,,,,,,,,,
,20799,1.100754976272583,27,,,,,,,,,
,20831,,27,1.1489107608795166,29.584182739257812,17.163734436035156,0.974723756313324,11.445724487304688,,,,
,20831,,27,,,,,,31.71284294128418,18.505496978759766,1.397693157196045,11.809653282165527
0.0009598041223894496,20832,,,,,,,,,,,
,20849,1.1574087142944336,28,,,,,,,,,
,20899,1.1252318620681763,28,,,,,,,,,
,20949,1.116990327835083,28,,,,,,,,,
,20999,1.1959980726242065,28,,,,,,,,,
,21049,1.1942250728607178,28,,,,,,,,,
,21099,1.2861758470535278,28,,,,,,,,,
,21149,1.317915678024292,28,,,,,,,,,
,21199,1.0842597484588623,28,,,,,,,,,
,21249,1.2871662378311157,28,,,,,,,,,
,21299,1.3964731693267822,28,,,,,,,,,
,21349,1.1485109329223633,28,,,,,,,,,
,21399,1.314440369606018,28,,,,,,,,,
,21449,1.1323015689849854,28,,,,,,,,,
,21499,1.1847953796386719,28,,,,,,,,,
,21549,1.3710087537765503,28,,,,,,,,,
,21575,,28,1.1321238279342651,28.940837860107422,15.714820861816406,1.4821901321411133,11.743826866149902,,,,
,21575,,28,,,,,,31.323305130004883,18.274559020996094,1.401992678642273,11.646753311157227
0.0009552835345560785,21576,,,,,,,,,,,
,21599,1.200295329093933,29,,,,,,,,,
,21649,1.3441500663757324,29,,,,,,,,,
,21699,1.1621915102005005,29,,,,,,,,,
,21749,1.229541301727295,29,,,,,,,,,
,21799,0.9613674879074097,29,,,,,,,,,
,21849,1.0067561864852905,29,,,,,,,,,
,21899,1.003380298614502,29,,,,,,,,,
,21949,1.3570234775543213,29,,,,,,,,,
,21999,1.1022344827651978,29,,,,,,,,,
,22049,1.0256587266921997,29,,,,,,,,,
,22099,1.145277500152588,29,,,,,,,,,
,22149,1.1545114517211914,29,,,,,,,,,
,22199,1.2878326177597046,29,,,,,,,,,
,22249,1.1503479480743408,29,,,,,,,,,
,22299,1.2484164237976074,29,,,,,,,,,
,22319,,29,1.122005820274353,28.144973754882812,14.697114944458008,1.5847926139831543,11.863067626953125,,,,
,22319,,29,,,,,,30.77376937866211,17.949296951293945,1.394455075263977,11.430017471313477
0.0009505339495172582,22320,,,,,,,,,,,
,22349,1.1498031616210938,30,,,,,,,,,
,22399,1.1239787340164185,30,,,,,,,,,
,22449,1.1438980102539062,30,,,,,,,,,
,22499,1.232393503189087,30,,,,,,,,,
,22549,1.3077207803726196,30,,,,,,,,,
,22599,1.3650976419448853,30,,,,,,,,,
,22649,1.1722278594970703,30,,,,,,,,,
,22699,1.1628751754760742,30,,,,,,,,,
,22749,1.39984929561615,30,,,,,,,,,
,22799,1.1646883487701416,30,,,,,,,,,
,22849,1.0021347999572754,30,,,,,,,,,
,22899,1.064298152923584,30,,,,,,,,,
,22949,1.1900806427001953,30,,,,,,,,,
,22999,1.324354887008667,30,,,,,,,,,
,23049,1.1336216926574707,30,,,,,,,,,
,23063,,30,1.1134936809539795,28.637189865112305,15.88536262512207,1.2492547035217285,11.502572059631348,,,,
,23063,,30,,,,,,30.339357376098633,17.82170867919922,1.4092588424682617,11.108388900756836
0.0009455577588320895,23064,,,,,,,,,,,
,23099,1.1225038766860962,31,,,,,,,,,
,23149,0.9764108657836914,31,,,,,,,,,
,23199,1.3158657550811768,31,,,,,,,,,
,23249,1.1892757415771484,31,,,,,,,,,
,23299,1.1642948389053345,31,,,,,,,,,
,23349,1.1910208463668823,31,,,,,,,,,
,23399,1.1158382892608643,31,,,,,,,,,
,23449,1.0805402994155884,31,,,,,,,,,
,23499,1.4051964282989502,31,,,,,,,,,
,23549,1.02959144115448,31,,,,,,,,,
,23599,1.1841962337493896,31,,,,,,,,,
,23649,1.3039827346801758,31,,,,,,,,,
,23699,1.5308287143707275,31,,,,,,,,,
,23749,1.2127761840820312,31,,,,,,,,,
,23799,0.9449249505996704,31,,,,,,,,,
,23807,,31,1.1053333282470703,27.566795349121094,14.331073760986328,1.7276042699813843,11.50811767578125,,,,
,23807,,31,,,,,,30.205293655395508,17.755779266357422,1.3780585527420044,11.071455001831055
0.0009403574681624404,23808,,,,,,,,,,,
,23849,1.1129522323608398,32,,,,,,,,,
,23899,1.0643055438995361,32,,,,,,,,,
,23949,1.1821441650390625,32,,,,,,,,,
,23999,1.2423672676086426,32,,,,,,,,,
,24049,1.3735156059265137,32,,,,,,,,,
,24099,1.1538598537445068,32,,,,,,,,,
,24149,1.09210205078125,32,,,,,,,,,
,24199,1.2746288776397705,32,,,,,,,,,
,24249,1.2014552354812622,32,,,,,,,,,
,24299,1.2339308261871338,32,,,,,,,,,
,24349,1.0341311693191528,32,,,,,,,,,
,24399,1.288952112197876,32,,,,,,,,,
,24449,1.2538666725158691,32,,,,,,,,,
,24499,1.2944189310073853,32,,,,,,,,,
,24549,1.331333041191101,32,,,,,,,,,
,24551,,32,1.1124413013458252,27.594526290893555,14.405945777893066,1.6624377965927124,11.526143074035645,,,,
,24551,,32,,,,,,29.879871368408203,17.598655700683594,1.3660454750061035,10.915169715881348
0.0009349356960112697,24552,,,,,,,,,,,
,24599,1.1518583297729492,33,,,,,,,,,
,24649,1.2969361543655396,33,,,,,,,,,
,24699,1.1720259189605713,33,,,,,,,,,
,24749,1.0478277206420898,33,,,,,,,,,
,24799,1.0529813766479492,33,,,,,,,,,
,24849,1.0044654607772827,33,,,,,,,,,
,24899,1.3105039596557617,33,,,,,,,,,
,24949,1.1846764087677002,33,,,,,,,,,
,24999,1.1057699918746948,33,,,,,,,,,
,25049,1.1553484201431274,33,,,,,,,,,
,25099,1.1641910076141357,33,,,,,,,,,
,25149,1.0909008979797363,33,,,,,,,,,
,25199,1.2484785318374634,33,,,,,,,,,
,25249,1.1960017681121826,33,,,,,,,,,
,25295,,33,1.1030817031860352,27.925905227661133,15.687089920043945,1.2423220872879028,10.996492385864258,,,,
,25295,,33,,,,,,29.358627319335938,17.46666717529297,1.356131672859192,10.53582763671875
0.0009292951724041319,25296,,,,,,,,,,,
,25299,1.1384707689285278,34,,,,,,,,,
,25349,1.3288406133651733,34,,,,,,,,,
,25399,1.4176840782165527,34,,,,,,,,,
,25449,1.2296724319458008,34,,,,,,,,,
,25499,1.133832573890686,34,,,,,,,,,
,25549,0.9950795769691467,34,,,,,,,,,
,25599,0.9640017151832581,34,,,,,,,,,
,25649,1.2632739543914795,34,,,,,,,,,
,25699,1.2041141986846924,34,,,,,,,,,
,25749,1.213545560836792,34,,,,,,,,,
,25799,1.1218748092651367,34,,,,,,,,,
,25849,1.038578748703003,34,,,,,,,,,
,25899,1.3086183071136475,34,,,,,,,,,
,25949,1.042802095413208,34,,,,,,,,,
,25999,0.9856462478637695,34,,,,,,,,,
,26039,,34,1.0992311239242554,27.14113426208496,14.677702903747559,1.4516867399215698,11.011743545532227,,,,
,26039,,34,,,,,,29.320659637451172,17.368932723999023,1.3588093519210815,10.592917442321777
0.0009234387375145277,26040,,,,,,,,,,,
,26049,1.1539292335510254,35,,,,,,,,,
,26099,1.050058126449585,35,,,,,,,,,
,26149,1.1038997173309326,35,,,,,,,,,
,26199,1.079514741897583,35,,,,,,,,,
,26249,1.2572540044784546,35,,,,,,,,,
,26299,1.022115707397461,35,,,,,,,,,
,26349,1.0337904691696167,35,,,,,,,,,
,26399,1.2350887060165405,35,,,,,,,,,
,26449,1.2022254467010498,35,,,,,,,,,
,26499,1.0995817184448242,35,,,,,,,,,
,26549,1.079524278640747,35,,,,,,,,,
,26599,1.1739578247070312,35,,,,,,,,,
,26649,1.242156982421875,35,,,,,,,,,
,26699,1.0757614374160767,35,,,,,,,,,
,26749,1.0895253419876099,35,,,,,,,,,
,26783,,35,1.0756686925888062,27.487764358520508,15.357098579406738,1.3255133628845215,10.80515193939209,,,,
,26783,,35,,,,,,29.05728530883789,17.320585250854492,1.3609169721603394,10.37578296661377
0.0009173693402337905,26784,,,,,,,,,,,
,26799,0.9355022311210632,36,,,,,,,,,
,26849,1.129406452178955,36,,,,,,,,,
,26899,1.1474312543869019,36,,,,,,,,,
,26949,1.1178092956542969,36,,,,,,,,,
,26999,1.1687144041061401,36,,,,,,,,,
,27049,1.2131757736206055,36,,,,,,,,,
,27099,0.9750788807868958,36,,,,,,,,,
,27149,1.1019647121429443,36,,,,,,,,,
,27199,1.1980671882629395,36,,,,,,,,,
,27249,1.1335691213607788,36,,,,,,,,,
,27299,0.978317141532898,36,,,,,,,,,
,27349,0.9853085875511169,36,,,,,,,,,
,27399,1.2174575328826904,36,,,,,,,,,
,27449,1.36576247215271,36,,,,,,,,,
,27499,1.0509910583496094,36,,,,,,,,,
,27527,,36,1.098581075668335,27.418437957763672,15.161599159240723,1.3726550340652466,10.884183883666992,,,,
,27527,,36,,,,,,29.008434295654297,17.287874221801758,1.3712596893310547,10.349300384521484
0.0009110900366862309,27528,,,,,,,,,,,
,27549,0.9426590800285339,37,,,,,,,,,
,27599,1.1109204292297363,37,,,,,,,,,
,27649,1.315003514289856,37,,,,,,,,,
,27699,1.0505194664001465,37,,,,,,,,,
,27749,1.0569794178009033,37,,,,,,,,,
,27799,1.107118844985962,37,,,,,,,,,
,27849,1.1063134670257568,37,,,,,,,,,
,27899,1.1525261402130127,37,,,,,,,,,
,27949,1.086807370185852,37,,,,,,,,,
,27999,1.1691439151763916,37,,,,,,,,,
,28049,1.2802149057388306,37,,,,,,,,,
,28099,1.2731117010116577,37,,,,,,,,,
,28149,1.2911555767059326,37,,,,,,,,,
,28199,1.2234067916870117,37,,,,,,,,,
,28249,1.1743791103363037,37,,,,,,,,,
,28271,,37,1.0916647911071777,27.106470108032227,14.389307022094727,1.5029879808425903,11.214176177978516,,,,
,28271,,37,,,,,,28.78891372680664,17.179821014404297,1.322069764137268,10.287022590637207
0.000904603988690286,28272,,,,,,,,,,,
,28299,1.016533374786377,38,,,,,,,,,
,28349,1.1475472450256348,38,,,,,,,,,
,28399,1.0599942207336426,38,,,,,,,,,
,28449,1.0808199644088745,38,,,,,,,,,
,28499,1.1222602128982544,38,,,,,,,,,
,28549,1.2703163623809814,38,,,,,,,,,
,28599,1.2373512983322144,38,,,,,,,,,
,28649,1.0314735174179077,38,,,,,,,,,
,28699,1.027919888496399,38,,,,,,,,,
,28749,1.1938451528549194,38,,,,,,,,,
,28799,1.1376607418060303,38,,,,,,,,,
,28849,0.9720699191093445,38,,,,,,,,,
,28899,1.0677273273468018,38,,,,,,,,,
,28949,1.064784288406372,38,,,,,,,,,
,28999,1.1033087968826294,38,,,,,,,,,
,29015,,38,1.0699101686477661,26.57820701599121,14.254815101623535,1.565381407737732,10.758010864257812,,,,
,29015,,38,,,,,,28.38551902770996,17.093320846557617,1.3435503244400024,9.948646545410156
0.0008979144621664494,29016,,,,,,,,,,,
,29049,1.2310411930084229,39,,,,,,,,,
,29099,0.9201931953430176,39,,,,,,,,,
,29149,1.1506028175354004,39,,,,,,,,,
,29199,1.3380944728851318,39,,,,,,,,,
,29249,1.4278461933135986,39,,,,,,,,,
,29299,1.0716346502304077,39,,,,,,,,,
,29349,0.982822597026825,39,,,,,,,,,
,29399,1.0148996114730835,39,,,,,,,,,
,29449,1.1215168237686157,39,,,,,,,,,
,29499,1.1909635066986084,39,,,,,,,,,
,29549,1.2489309310913086,39,,,,,,,,,
,29599,1.232630968093872,39,,,,,,,,,
,29649,1.0889348983764648,39,,,,,,,,,
,29699,1.032373070716858,39,,,,,,,,,
,29749,1.188438057899475,39,,,,,,,,,
,29759,,39,1.065635085105896,26.88878631591797,14.769213676452637,1.3754280805587769,10.744145393371582,,,,
,29759,,39,,,,,,27.923370361328125,16.85721206665039,1.3428348302841187,9.723321914672852
0.0008910248254927808,29760,,,,,,,,,,,
,29799,1.1855028867721558,40,,,,,,,,,
,29849,1.0110046863555908,40,,,,,,,,,
,29899,1.1751660108566284,40,,,,,,,,,
,29949,1.3245103359222412,40,,,,,,,,,
,29999,1.1689512729644775,40,,,,,,,,,
,30049,1.043144941329956,40,,,,,,,,,
,30099,1.0152325630187988,40,,,,,,,,,
,30149,1.1945419311523438,40,,,,,,,,,
,30199,1.0429627895355225,40,,,,,,,,,
,30249,0.9986280798912048,40,,,,,,,,,
,30299,1.3422515392303467,40,,,,,,,,,
,30349,1.3107595443725586,40,,,,,,,,,
,30399,1.1180639266967773,40,,,,,,,,,
,30449,1.014641523361206,40,,,,,,,,,
,30499,1.1564840078353882,40,,,,,,,,,
,30503,,40,1.0697671175003052,26.46728515625,13.732096672058105,1.7789055109024048,10.956282615661621,,,,
,30503,,40,,,,,,27.995370864868164,16.98394775390625,1.3375802040100098,9.67384147644043
0.0008839385478088264,30504,,,,,,,,,,,
,30549,1.0119547843933105,41,,,,,,,,,
,30599,1.0189318656921387,41,,,,,,,,,
,30649,0.9648776650428772,41,,,,,,,,,
,30699,1.0770940780639648,41,,,,,,,,,
,30749,0.9504504203796387,41,,,,,,,,,
,30799,1.1724878549575806,41,,,,,,,,,
,30849,1.2437093257904053,41,,,,,,,,,
,30899,1.0491515398025513,41,,,,,,,,,
,30949,0.9668371677398682,41,,,,,,,,,
,30999,1.0077420473098755,41,,,,,,,,,
,31049,1.1085506677627563,41,,,,,,,,,
,31099,0.9897505044937134,41,,,,,,,,,
,31149,1.0742615461349487,41,,,,,,,,,
,31199,1.1076452732086182,41,,,,,,,,,
,31247,,41,1.050193428993225,25.95981788635254,13.834698677062988,1.5792465209960938,10.545872688293457,,,,
,31247,,41,,,,,,27.316972732543945,16.564828872680664,1.2864822149276733,9.465662002563477
0.0008766591972688036,31248,,,,,,,,,,,
,31249,1.0173790454864502,42,,,,,,,,,
,31299,1.0611127614974976,42,,,,,,,,,
,31349,0.9899423122406006,42,,,,,,,,,
,31399,0.8808215856552124,42,,,,,,,,,
,31449,1.129357933998108,42,,,,,,,,,
,31499,0.9095146656036377,42,,,,,,,,,
,31549,0.8957415819168091,42,,,,,,,,,
,31599,1.0153064727783203,42,,,,,,,,,
,31649,0.9658385515213013,42,,,,,,,,,
,31699,1.3093898296356201,42,,,,,,,,,
,31749,1.122802734375,42,,,,,,,,,
,31799,1.0891326665878296,42,,,,,,,,,
,31849,1.2138198614120483,42,,,,,,,,,
,31899,1.099212408065796,42,,,,,,,,,
,31949,1.0158700942993164,42,,,,,,,,,
,31991,,42,1.0787495374679565,27.253442764282227,15.230924606323242,1.2617334127426147,10.760783195495605,,,,
,31991,,42,,,,,,27.662799835205078,16.911943435668945,1.2804014682769775,9.470455169677734
0.0008691904392449266,31992,,,,,,,,,,,
,31999,1.0778768062591553,43,,,,,,,,,
,32049,1.0321542024612427,43,,,,,,,,,
,32099,1.0053743124008179,43,,,,,,,,,
,32149,1.0378234386444092,43,,,,,,,,,
,32199,1.247106909751892,43,,,,,,,,,
,32249,0.9915646910667419,43,,,,,,,,,
,32299,0.8654615879058838,43,,,,,,,,,
,32349,1.0709880590438843,43,,,,,,,,,
,32399,1.0165915489196777,43,,,,,,,,,
,32449,0.987497091293335,43,,,,,,,,,
,32499,1.0904594659805298,43,,,,,,,,,
,32549,1.0749820470809937,43,,,,,,,,,
,32599,1.0436608791351318,43,,,,,,,,,
,32649,1.1597013473510742,43,,,,,,,,,
,32699,1.2042149305343628,43,,,,,,,,,
,32735,,43,1.05033540725708,25.902971267700195,14.105070114135742,1.4087045192718506,10.389196395874023,,,,
,32735,,43,,,,,,27.249616622924805,16.583324432373047,1.3077447414398193,9.358548164367676
0.000861536034481782,32736,,,,,,,,,,,
,32749,1.2496682405471802,44,,,,,,,,,
,32799,1.0657145977020264,44,,,,,,,,,
,32849,1.1925846338272095,44,,,,,,,,,
,32899,1.1425838470458984,44,,,,,,,,,
,32949,1.1018569469451904,44,,,,,,,,,
,32999,1.0286099910736084,44,,,,,,,,,
,33049,1.0804719924926758,44,,,,,,,,,
,33099,1.125751256942749,44,,,,,,,,,
,33149,1.0982226133346558,44,,,,,,,,,
,33199,1.0559494495391846,44,,,,,,,,,
,33249,0.9390594363212585,44,,,,,,,,,
,33299,1.1179594993591309,44,,,,,,,,,
,33349,0.9833295941352844,44,,,,,,,,,
,33399,0.9028798341751099,44,,,,,,,,,
,33449,1.1130082607269287,44,,,,,,,,,
,33479,,44,1.0527796745300293,26.231576919555664,14.313048362731934,1.3906798362731934,10.527848243713379,,,,
,33479,,44,,,,,,26.730850219726562,16.352834701538086,1.3024438619613647,9.075571060180664
0.0008536998372026804,33480,,,,,,,,,,,
,33499,1.0349787473678589,45,,,,,,,,,
,33549,1.0860862731933594,45,,,,,,,,,
,33599,1.091795802116394,45,,,,,,,,,
,33649,1.1144087314605713,45,,,,,,,,,
,33699,0.9639177918434143,45,,,,,,,,,
,33749,1.0711641311645508,45,,,,,,,,,
,33799,1.2197532653808594,45,,,,,,,,,
,33849,1.0964277982711792,45,,,,,,,,,
,33899,0.9406300783157349,45,,,,,,,,,
,33949,1.1301074028015137,45,,,,,,,,,
,33999,1.0324666500091553,45,,,,,,,,,
,34049,0.9462637305259705,45,,,,,,,,,
,34099,0.953597903251648,45,,,,,,,,,
,34149,1.0648698806762695,45,,,,,,,,,
,34199,1.023281216621399,45,,,,,,,,,
,34223,,45,1.080991268157959,26.87630844116211,14.545984268188477,1.4613924026489258,10.868931770324707,,,,
,34223,,45,,,,,,26.7160587310791,16.412614822387695,1.2778913974761963,9.025551795959473
0.0008456857931689388,34224,,,,,,,,,,,
,34249,1.1827940940856934,46,,,,,,,,,
,34299,0.9744395017623901,46,,,,,,,,,
,34349,1.0084469318389893,46,,,,,,,,,
,34399,0.9334869384765625,46,,,,,,,,,
,34449,1.0524632930755615,46,,,,,,,,,
,34499,1.059765100479126,46,,,,,,,,,
,34549,1.0828574895858765,46,,,,,,,,,
,34599,1.0419983863830566,46,,,,,,,,,
,34649,0.9498968720436096,46,,,,,,,,,
,34699,1.042046308517456,46,,,,,,,,,
,34749,1.036899447441101,46,,,,,,,,,
,34799,1.1343142986297607,46,,,,,,,,,
,34849,0.9896112680435181,46,,,,,,,,,
,34899,0.8389595746994019,46,,,,,,,,,
,34949,0.9220468401908875,46,,,,,,,,,
,34967,,46,1.0345804691314697,25.792049407958984,14.551529884338379,1.3116481304168701,9.928871154785156,,,,
,34967,,46,,,,,,26.4952449798584,16.343704223632812,1.2826051712036133,8.868934631347656
0.0008374979376930711,34968,,,,,,,,,,,
,34999,1.0490834712982178,47,,,,,,,,,
,35049,1.139508843421936,47,,,,,,,,,
,35099,1.1030234098434448,47,,,,,,,,,
,35149,1.049763798713684,47,,,,,,,,,
,35199,0.8829828500747681,47,,,,,,,,,
,35249,1.158976435661316,47,,,,,,,,,
,35299,1.0500555038452148,47,,,,,,,,,
,35349,0.8579434752464294,47,,,,,,,,,
,35399,0.9368152618408203,47,,,,,,,,,
,35449,0.9529963135719299,47,,,,,,,,,
,35499,0.8782069087028503,47,,,,,,,,,
,35549,0.9301013350486755,47,,,,,,,,,
,35599,1.0406053066253662,47,,,,,,,,,
,35649,0.9556444883346558,47,,,,,,,,,
,35699,0.9517554044723511,47,,,,,,,,,
,35711,,47,1.0399894714355469,25.75322723388672,14.666611671447754,1.1438791751861572,9.942736625671387,,,,
,35711,,47,,,,,,26.26416015625,16.34526252746582,1.241310477256775,8.677587509155273
0.0008291403936068863,35712,,,,,,,,,,,
,35749,0.8306015729904175,48,,,,,,,,,
,35799,0.9871858358383179,48,,,,,,,,,
,35849,1.0642075538635254,48,,,,,,,,,
,35899,1.1891505718231201,48,,,,,,,,,
,35949,1.1868863105773926,48,,,,,,,,,
,35999,1.0394091606140137,48,,,,,,,,,
,36049,0.9266970157623291,48,,,,,,,,,
,36099,0.9235155582427979,48,,,,,,,,,
,36149,1.1169317960739136,48,,,,,,,,,
,36199,1.1671860218048096,48,,,,,,,,,
,36249,1.0518062114715576,48,,,,,,,,,
,36299,0.8823503851890564,48,,,,,,,,,
,36349,1.0805696249008179,48,,,,,,,,,
,36399,0.8595998287200928,48,,,,,,,,,
,36449,0.9631260633468628,48,,,,,,,,,
,36455,,48,1.0338499546051025,25.922382354736328,14.540437698364258,1.3449246883392334,10.037019729614258,,,,
,36455,,48,,,,,,26.09044075012207,16.27294158935547,1.2580761909484863,8.559422492980957
0.0008206173691855193,36456,,,,,,,,,,,
,36499,1.2358930110931396,49,,,,,,,,,
,36549,0.9228876829147339,49,,,,,,,,,
,36599,1.0789694786071777,49,,,,,,,,,
,36649,1.0709869861602783,49,,,,,,,,,
,36699,1.0915088653564453,49,,,,,,,,,
,36749,0.9474669694900513,49,,,,,,,,,
,36799,1.0669723749160767,49,,,,,,,,,
,36849,0.9707661271095276,49,,,,,,,,,
,36899,0.9815243482589722,49,,,,,,,,,
,36949,1.067739725112915,49,,,,,,,,,
,36999,0.9843795299530029,49,,,,,,,,,
,37049,0.9677719473838806,49,,,,,,,,,
,37099,1.1092991828918457,49,,,,,,,,,
,37149,0.9668782949447632,49,,,,,,,,,
,37199,1.049409031867981,49,,,,,,,,,
,37199,,49,1.037365436553955,25.792049407958984,13.977510452270508,1.5570622682571411,10.257476806640625,,,,
,37199,,49,,,,,,26.176246643066406,16.20179557800293,1.296826720237732,8.677623748779297
0.0008119331560284373,37200,,,,,,,,,,,
,37249,0.9253441095352173,50,,,,,,,,,
,37299,1.1200617551803589,50,,,,,,,,,
,37349,1.0834009647369385,50,,,,,,,,,
,37399,1.0786046981811523,50,,,,,,,,,
,37449,0.8774977922439575,50,,,,,,,,,
,37499,0.8757404088973999,50,,,,,,,,,
,37549,1.0551451444625854,50,,,,,,,,,
,37599,0.9796180129051208,50,,,,,,,,,
,37649,0.8901792168617249,50,,,,,,,,,
,37699,1.1006038188934326,50,,,,,,,,,
,37749,1.3761539459228516,50,,,,,,,,,
,37799,1.1720830202102661,50,,,,,,,,,
,37849,1.0907971858978271,50,,,,,,,,,
,37899,1.0349209308624268,50,,,,,,,,,
,37943,,50,1.0511724948883057,26.074899673461914,14.396239280700684,1.3282864093780518,10.350373268127441,,,,
,37943,,50,,,,,,25.84105110168457,16.241811752319336,1.276176929473877,8.3230619430542
0.0008030921268984896,37944,,,,,,,,,,,
,37949,0.8967896699905396,51,,,,,,,,,
,37999,0.9671348333358765,51,,,,,,,,,
,38049,0.9000382423400879,51,,,,,,,,,
,38099,1.1386747360229492,51,,,,,,,,,
,38149,1.0088170766830444,51,,,,,,,,,
,38199,1.0753049850463867,51,,,,,,,,,
,38249,1.130098581314087,51,,,,,,,,,
,38299,1.0097548961639404,51,,,,,,,,,
,38349,1.1185330152511597,51,,,,,,,,,
,38399,1.0486979484558105,51,,,,,,,,,
,38449,0.9445503354072571,51,,,,,,,,,
,38499,1.1197373867034912,51,,,,,,,,,
,38549,0.8463091850280762,51,,,,,,,,,
,38599,0.9481438994407654,51,,,,,,,,,
,38649,0.8831398487091064,51,,,,,,,,,
,38687,,51,1.0354630947113037,25.811460494995117,14.515480041503906,1.3684954643249512,9.927485466003418,,,,
,38687,,51,,,,,,25.737897872924805,16.156356811523438,1.2565374374389648,8.325003623962402
0.0007940987335200902,38688,,,,,,,,,,,
,38699,1.0957226753234863,52,,,,,,,,,
,38749,1.0775501728057861,52,,,,,,,,,
,38799,0.9077751636505127,52,,,,,,,,,
,38849,0.9915801286697388,52,,,,,,,,,
,38899,0.9921351671218872,52,,,,,,,,,
,38949,0.9076046943664551,52,,,,,,,,,
,38999,0.7306481599807739,52,,,,,,,,,
,39049,1.0986403226852417,52,,,,,,,,,
,39099,0.9795817136764526,52,,,,,,,,,
,39149,0.9038316011428833,52,,,,,,,,,
,39199,0.9466114640235901,52,,,,,,,,,
,39249,0.9328498840332031,52,,,,,,,,,
,39299,1.0315029621124268,52,,,,,,,,,
,39349,0.9937489032745361,52,,,,,,,,,
,39399,0.8728218078613281,52,,,,,,,,,
,39431,,52,1.0181487798690796,25.26378631591797,14.234016418457031,1.2728255987167358,9.756942749023438,,,,
,39431,,52,,,,,,25.61111831665039,15.997695922851562,1.2780776023864746,8.335345268249512
0.0007849575043376416,39432,,,,,,,,,,,
,39449,0.9771325588226318,53,,,,,,,,,
,39499,1.0593719482421875,53,,,,,,,,,
,39549,1.1371796131134033,53,,,,,,,,,
,39599,1.0437126159667969,53,,,,,,,,,
,39649,0.9599031209945679,53,,,,,,,,,
,39699,1.0286760330200195,53,,,,,,,,,
,39749,0.9414078593254089,53,,,,,,,,,
,39799,0.931246280670166,53,,,,,,,,,
,39849,1.0029370784759521,53,,,,,,,,,
,39899,1.0878024101257324,53,,,,,,,,,
,39949,0.9528952240943909,53,,,,,,,,,
,39999,0.9943641424179077,53,,,,,,,,,
,40049,1.1172449588775635,53,,,,,,,,,
,40099,1.085676908493042,53,,,,,,,,,
,40149,0.953345775604248,53,,,,,,,,,
,40175,,53,1.0180134773254395,25.17920684814453,14.213218688964844,1.2229108810424805,9.743078231811523,,,,
,40175,,53,,,,,,25.2805118560791,15.994641304016113,1.2280035018920898,8.057867050170898
0.000775673042235325,40176,,,,,,,,,,,
,40199,1.1055727005004883,54,,,,,,,,,
,40249,0.8816978931427002,54,,,,,,,,,
,40299,1.0683521032333374,54,,,,,,,,,
,40349,0.8712531924247742,54,,,,,,,,,
,40399,1.0405627489089966,54,,,,,,,,,
,40449,1.0122311115264893,54,,,,,,,,,
,40499,0.9477348327636719,54,,,,,,,,,
,40549,0.9014526605606079,54,,,,,,,,,
,40599,1.0993142127990723,54,,,,,,,,,
,40649,0.9748780131340027,54,,,,,,,,,
,40699,0.9380519390106201,54,,,,,,,,,
,40749,1.1325173377990723,54,,,,,,,,,
,40799,0.8868402242660522,54,,,,,,,,,
,40849,0.8530433177947998,54,,,,,,,,,
,40899,0.8900241851806641,54,,,,,,,,,
,40919,,54,1.0043634176254272,25.100175857543945,14.593125343322754,1.116148829460144,9.390901565551758,,,,
,40919,,54,,,,,,24.812789916992188,15.800555229187012,1.2119001150131226,7.80033540725708
0.0007662500222194103,40920,,,,,,,,,,,
,40949,0.9586595296859741,55,,,,,,,,,
,40999,0.8763952851295471,55,,,,,,,,,
,41049,0.9035313129425049,55,,,,,,,,,
,41099,0.8393248915672302,55,,,,,,,,,
,41149,1.0087509155273438,55,,,,,,,,,
,41199,0.8339930772781372,55,,,,,,,,,
,41249,0.9387264847755432,55,,,,,,,,,
,41299,1.009466290473938,55,,,,,,,,,
,41349,1.0897040367126465,55,,,,,,,,,
,41399,0.9625158905982971,55,,,,,,,,,
,41449,0.9144583940505981,55,,,,,,,,,
,41499,0.8823491930961609,55,,,,,,,,,
,41549,0.8855632543563843,55,,,,,,,,,
,41599,1.0186372995376587,55,,,,,,,,,
,41649,1.0966682434082031,55,,,,,,,,,
,41663,,55,1.0337086915969849,25.331724166870117,14.084272384643555,1.3061020374298096,9.941349983215332,,,,
,41663,,55,,,,,,24.807353973388672,15.866613388061523,1.251387596130371,7.689353942871094
0.00075669318906425,41664,,,,,,,,,,,
,41699,1.0880755186080933,56,,,,,,,,,
,41749,0.7808043360710144,56,,,,,,,,,
,41799,0.9356234073638916,56,,,,,,,,,
,41849,0.8963371515274048,56,,,,,,,,,
,41899,1.1013050079345703,56,,,,,,,,,
,41949,0.9079587459564209,56,,,,,,,,,
,41999,1.019360065460205,56,,,,,,,,,
,42049,0.9665979743003845,56,,,,,,,,,
,42099,1.0251264572143555,56,,,,,,,,,
,42149,0.9216309785842896,56,,,,,,,,,
,42199,0.9159510135650635,56,,,,,,,,,
,42249,1.045128583908081,56,,,,,,,,,
,42299,0.9207846522331238,56,,,,,,,,,
,42349,1.0854519605636597,56,,,,,,,,,
,42399,0.9091078042984009,56,,,,,,,,,
,42407,,56,1.0094763040542603,24.807621002197266,13.702980041503906,1.367108941078186,9.737531661987305,,,,
,42407,,56,,,,,,24.807064056396484,15.799772262573242,1.2467576265335083,7.76053524017334
0.0007470073549231411,42408,,,,,,,,,,,
,42449,0.8483580350875854,57,,,,,,,,,
,42499,0.8220173120498657,57,,,,,,,,,
,42549,0.9374244213104248,57,,,,,,,,,
,42599,0.8956443071365356,57,,,,,,,,,
,42649,0.9940285086631775,57,,,,,,,,,
,42699,1.0042057037353516,57,,,,,,,,,
,42749,1.0792226791381836,57,,,,,,,,,
,42799,0.9748355746269226,57,,,,,,,,,
,42849,1.0320425033569336,57,,,,,,,,,
,42899,0.888379693031311,57,,,,,,,,,
,42949,0.9536747932434082,57,,,,,,,,,
,42999,0.9688457250595093,57,,,,,,,,,
,43049,1.0635502338409424,57,,,,,,,,,
,43099,0.8431490659713745,57,,,,,,,,,
,43149,0.9754520058631897,57,,,,,,,,,
,43151,,57,1.0215284824371338,25.02391815185547,13.741802215576172,1.4641653299331665,9.817950248718262,,,,
,43151,,57,,,,,,24.490427017211914,15.707539558410645,1.1956605911254883,7.587226390838623
0.0007371973969052627,43152,,,,,,,,,,,
,43199,1.0168412923812866,58,,,,,,,,,
,43249,0.8180899620056152,58,,,,,,,,,
,43299,0.875537097454071,58,,,,,,,,,
,43349,0.9834431409835815,58,,,,,,,,,
,43399,0.9414199590682983,58,,,,,,,,,
,43449,0.9076617360115051,58,,,,,,,,,
,43499,0.9090629816055298,58,,,,,,,,,
,43549,0.9804195761680603,58,,,,,,,,,
,43599,1.1532925367355347,58,,,,,,,,,
,43649,1.076863408088684,58,,,,,,,,,
,43699,1.0600428581237793,58,,,,,,,,,
,43749,0.9914116263389587,58,,,,,,,,,
,43799,0.9125018119812012,58,,,,,,,,,
,43849,0.896388828754425,58,,,,,,,,,
,43895,,58,1.0130141973495483,25.010051727294922,14.03990364074707,1.3449246883392334,9.625223159790039,,,,
,43895,,58,,,,,,24.29734230041504,15.519685745239258,1.2532143592834473,7.524442195892334
0.0007272682546199035,43896,,,,,,,,,,,
,43899,0.8969927430152893,59,,,,,,,,,
,43949,0.94527667760849,59,,,,,,,,,
,43999,0.7611097097396851,59,,,,,,,,,
,44049,0.8337332010269165,59,,,,,,,,,
,44099,0.9420363903045654,59,,,,,,,,,
,44149,0.9264740943908691,59,,,,,,,,,
,44199,0.952164888381958,59,,,,,,,,,
,44249,1.0115680694580078,59,,,,,,,,,
,44299,1.0072869062423706,59,,,,,,,,,
,44349,0.8938916921615601,59,,,,,,,,,
,44399,0.9518700838088989,59,,,,,,,,,
,44449,0.8517240881919861,59,,,,,,,,,
,44499,1.031815767288208,59,,,,,,,,,
,44549,0.7301230430603027,59,,,,,,,,,
,44599,0.9935801029205322,59,,,,,,,,,
,44639,,59,1.0218980312347412,24.954591751098633,13.840245246887207,1.2963963747024536,9.817950248718262,,,,
,44639,,59,,,,,,23.972681045532227,15.510847091674805,1.1823879480361938,7.279447078704834
0.0007172249276892202,44640,,,,,,,,,,,
,44649,1.1113169193267822,60,,,,,,,,,
,44699,0.7961862087249756,60,,,,,,,,,
,44749,0.9347540140151978,60,,,,,,,,,
,44799,1.0495710372924805,60,,,,,,,,,
,44849,0.9209503531455994,60,,,,,,,,,
,44899,1.0503745079040527,60,,,,,,,,,
,44949,0.9358925819396973,60,,,,,,,,,
,44999,0.9193227291107178,60,,,,,,,,,
,45049,0.8503049612045288,60,,,,,,,,,
,45099,0.9933810830116272,60,,,,,,,,,
,45149,0.9505595564842224,60,,,,,,,,,
,45199,0.8958674073219299,60,,,,,,,,,
,45249,1.09450364112854,60,,,,,,,,,
,45299,0.9251110553741455,60,,,,,,,,,
,45349,0.9333648681640625,60,,,,,,,,,
,45383,,60,1.0107280015945435,24.693925857543945,13.851337432861328,1.2908504009246826,9.551737785339355,,,,
,45383,,60,,,,,,24.10468864440918,15.623750686645508,1.187834620475769,7.293104648590088
0.0007070724732307769,45384,,,,,,,,,,,
,45399,0.9849203824996948,61,,,,,,,,,
,45449,0.9391486644744873,61,,,,,,,,,
,45499,0.9228701591491699,61,,,,,,,,,
,45549,0.8513671159744263,61,,,,,,,,,
,45599,0.9378846883773804,61,,,,,,,,,
,45649,0.9103817939758301,61,,,,,,,,,
,45699,0.9289857745170593,61,,,,,,,,,
,45749,0.9324750900268555,61,,,,,,,,,
,45799,0.8563218116760254,61,,,,,,,,,
,45849,1.0486171245574951,61,,,,,,,,,
,45899,0.9546982645988464,61,,,,,,,,,
,45949,0.8580328822135925,61,,,,,,,,,
,45999,1.0270819664001465,61,,,,,,,,,
,46049,0.9344406127929688,61,,,,,,,,,
,46099,0.7981554269790649,61,,,,,,,,,
,46127,,61,1.0080759525299072,24.70085906982422,13.83331298828125,1.4156371355056763,9.451908111572266,,,,
,46127,,61,,,,,,23.962169647216797,15.554057121276855,1.2034629583358765,7.204649925231934
0.0006968160033111347,46128,,,,,,,,,,,
,46149,0.8506203293800354,62,,,,,,,,,
,46199,0.9564228057861328,62,,,,,,,,,
,46249,0.9963769316673279,62,,,,,,,,,
,46299,0.7592841386795044,62,,,,,,,,,
,46349,1.0619049072265625,62,,,,,,,,,
,46399,1.016782283782959,62,,,,,,,,,
,46449,0.9375947713851929,62,,,,,,,,,
,46499,1.2133022546768188,62,,,,,,,,,
,46549,0.8426119089126587,62,,,,,,,,,
,46599,1.120769739151001,62,,,,,,,,,
,46649,0.9396198987960815,62,,,,,,,,,
,46699,0.9354302883148193,62,,,,,,,,,
,46749,1.0317251682281494,62,,,,,,,,,
,46799,0.9223860502243042,62,,,,,,,,,
,46849,0.9257992506027222,62,,,,,,,,,
,46871,,62,1.0008004903793335,24.718883514404297,14.09952449798584,1.2104321718215942,9.408926010131836,,,,
,46871,,62,,,,,,23.634458541870117,15.42540168762207,1.180739164352417,7.028316974639893
0.0006864606823717715,46872,,,,,,,,,,,
,46899,1.0334292650222778,63,,,,,,,,,
,46949,0.8740786910057068,63,,,,,,,,,
,46999,0.8488746881484985,63,,,,,,,,,
,47049,1.1566789150238037,63,,,,,,,,,
,47099,0.9170392751693726,63,,,,,,,,,
,47149,0.8795280456542969,63,,,,,,,,,
,47199,1.016831636428833,63,,,,,,,,,
,47249,0.9595176577568054,63,,,,,,,,,
,47299,0.840074896812439,63,,,,,,,,,
,47349,0.9209712743759155,63,,,,,,,,,
,47399,0.9489205479621887,63,,,,,,,,,
,47449,0.8220504522323608,63,,,,,,,,,
,47499,0.8654755353927612,63,,,,,,,,,
,47549,0.9224175214767456,63,,,,,,,,,
,47599,1.0480291843414307,63,,,,,,,,,
,47615,,63,1.01166832447052,25.102949142456055,14.387920379638672,1.1397196054458618,9.575308799743652,,,,
,47615,,63,,,,,,23.353166580200195,15.284943580627441,1.1427303552627563,6.925492763519287
0.0006760117246286306,47616,,,,,,,,,,,
,47649,0.840408205986023,64,,,,,,,,,
,47699,1.0268745422363281,64,,,,,,,,,
,47749,0.9599367380142212,64,,,,,,,,,
,47799,1.0386617183685303,64,,,,,,,,,
,47849,0.9667071104049683,64,,,,,,,,,
,47899,0.8471332788467407,64,,,,,,,,,
,47949,0.8637446165084839,64,,,,,,,,,
,47999,0.8446743488311768,64,,,,,,,,,
,48049,1.0393400192260742,64,,,,,,,,,
,48099,0.8861124515533447,64,,,,,,,,,
,48149,0.9531877040863037,64,,,,,,,,,
,48199,0.9803934693336487,64,,,,,,,,,
,48249,1.0340633392333984,64,,,,,,,,,
,48299,0.9662988781929016,64,,,,,,,,,
,48349,0.9186025261878967,64,,,,,,,,,
,48359,,64,1.0163158178329468,24.552499771118164,13.366055488586426,1.5445835590362549,9.641861915588379,,,,
,48359,,64,,,,,,23.29117774963379,15.265361785888672,1.1744073629379272,6.8514084815979
0.0006654743914466059,48360,,,,,,,,,,,
,48399,0.7796527743339539,65,,,,,,,,,
,48449,0.8052429556846619,65,,,,,,,,,
,48499,0.9478399157524109,65,,,,,,,,,
,48549,0.8512402176856995,65,,,,,,,,,
,48599,0.9433763027191162,65,,,,,,,,,
,48649,0.9546064734458923,65,,,,,,,,,
,48699,0.8352806568145752,65,,,,,,,,,
,48749,0.9807112216949463,65,,,,,,,,,
,48799,0.9530670642852783,65,,,,,,,,,
,48849,0.8933380842208862,65,,,,,,,,,
,48899,0.8924466371536255,65,,,,,,,,,
,48949,0.9006307125091553,65,,,,,,,,,
,48999,0.9800963401794434,65,,,,,,,,,
,49049,0.9713647961616516,65,,,,,,,,,
,49099,0.9939783215522766,65,,,,,,,,,
,49103,,65,1.0033246278762817,24.36948013305664,13.734869956970215,1.243708610534668,9.390901565551758,,,,
,49103,,65,,,,,,23.112302780151367,15.226871490478516,1.1172878742218018,6.7681427001953125
0.0006548539886902862,49104,,,,,,,,,,,
,49149,0.87895667552948,66,,,,,,,,,
,49199,0.8623502254486084,66,,,,,,,,,
,49249,1.0624663829803467,66,,,,,,,,,
,49299,0.9017401933670044,66,,,,,,,,,
,49349,0.865563690662384,66,,,,,,,,,
,49399,0.8989748954772949,66,,,,,,,,,
,49449,0.8870947360992432,66,,,,,,,,,
,49499,1.0982561111450195,66,,,,,,,,,
,49549,0.932052731513977,66,,,,,,,,,
,49599,1.001316785812378,66,,,,,,,,,
,49649,0.9791797995567322,66,,,,,,,,,
,49699,1.0827596187591553,66,,,,,,,,,
,49749,0.8078139424324036,66,,,,,,,,,
,49799,0.9937707185745239,66,,,,,,,,,
,49847,,66,1.0017244815826416,24.294607162475586,13.66277027130127,1.3463112115859985,9.285526275634766,,,,
,49847,,66,,,,,,22.954927444458008,15.167661666870117,1.1210726499557495,6.666193962097168
0.0006441558640522925,49848,,,,,,,,,,,
,49849,0.814858615398407,67,,,,,,,,,
,49899,0.9524216055870056,67,,,,,,,,,
,49949,0.8625839948654175,67,,,,,,,,,
,49999,0.770420491695404,67,,,,,,,,,
,50049,0.8560198545455933,67,,,,,,,,,
,50099,0.8717916011810303,67,,,,,,,,,
,50149,0.83064866065979,67,,,,,,,,,
,50199,0.72996985912323,67,,,,,,,,,
,50249,0.9530469179153442,67,,,,,,,,,
,50299,0.9077478647232056,67,,,,,,,,,
,50349,0.8723385334014893,67,,,,,,,,,
,50399,0.8748141527175903,67,,,,,,,,,
,50449,0.9266160726547241,67,,,,,,,,,
,50499,0.8195518255233765,67,,,,,,,,,
,50549,0.8581817746162415,67,,,,,,,,,
,50591,,67,1.0051095485687256,24.327884674072266,13.460338592529297,1.4447541236877441,9.422791481018066,,,,
,50591,,67,,,,,,22.80887794494629,15.186798095703125,1.1150176525115967,6.5070624351501465
0.000633385404360554,50592,,,,,,,,,,,
,50599,0.7400691509246826,68,,,,,,,,,
,50649,0.8403986692428589,68,,,,,,,,,
,50699,0.8512134552001953,68,,,,,,,,,
,50749,0.9957261085510254,68,,,,,,,,,
,50799,0.872814416885376,68,,,,,,,,,
,50849,0.8849344253540039,68,,,,,,,,,
,50899,0.8684432506561279,68,,,,,,,,,
,50949,0.9590667486190796,68,,,,,,,,,
,50999,0.9252108335494995,68,,,,,,,,,
,51049,0.9106767773628235,68,,,,,,,,,
,51099,0.8034788370132446,68,,,,,,,,,
,51149,0.9509896039962769,68,,,,,,,,,
,51199,0.781704306602478,68,,,,,,,,,
,51249,0.9238349199295044,68,,,,,,,,,
,51299,0.954613447189331,68,,,,,,,,,
,51335,,68,1.0058006048202515,24.459604263305664,14.087045669555664,1.1896343231201172,9.182923316955566,,,,
,51335,,68,,,,,,22.80998992919922,15.187981605529785,1.1286972761154175,6.49330997467041
0.0006225480328658779,51336,,,,,,,,,,,
,51349,0.9444464445114136,69,,,,,,,,,
,51399,0.8231385350227356,69,,,,,,,,,
,51449,0.9739518761634827,69,,,,,,,,,
,51499,1.0292799472808838,69,,,,,,,,,
,51549,0.896548867225647,69,,,,,,,,,
,51599,0.9839569926261902,69,,,,,,,,,
,51649,0.9499269723892212,69,,,,,,,,,
,51699,1.0693931579589844,69,,,,,,,,,
,51749,0.7763998508453369,69,,,,,,,,,
,51799,0.9573297500610352,69,,,,,,,,,
,51849,0.8998284339904785,69,,,,,,,,,
,51899,0.997952938079834,69,,,,,,,,,
,51949,0.942815899848938,69,,,,,,,,,
,51999,0.9571197032928467,69,,,,,,,,,
,52049,0.8902150392532349,69,,,,,,,,,
,52079,,69,1.0021405220031738,24.29599380493164,13.85965633392334,1.228456974029541,9.207880973815918,,,,
,52079,,69,,,,,,22.57859992980957,15.07095718383789,1.0902655124664307,6.417377471923828
0.0006116492065111788,52080,,,,,,,,,,,
,52099,0.9646927118301392,70,,,,,,,,,
,52149,0.958139181137085,70,,,,,,,,,
,52199,1.1734760999679565,70,,,,,,,,,
,52249,0.8470510840415955,70,,,,,,,,,
,52299,0.9609864354133606,70,,,,,,,,,
,52349,0.7589138746261597,70,,,,,,,,,
,52399,0.9740868806838989,70,,,,,,,,,
,52449,0.799829363822937,70,,,,,,,,,
,52499,0.815739095211029,70,,,,,,,,,
,52549,0.7617948055267334,70,,,,,,,,,
,52599,0.8434119820594788,70,,,,,,,,,
,52649,0.8182148933410645,70,,,,,,,,,
,52699,0.8583921194076538,70,,,,,,,,,
,52749,1.076829195022583,70,,,,,,,,,
,52799,0.993049681186676,70,,,,,,,,,
,52823,,70,1.0006253719329834,24.30431365966797,13.815287590026855,1.1993399858474731,9.289685249328613,,,,
,52823,,70,,,,,,22.335163116455078,15.05372142791748,1.0889309644699097,6.192509651184082
0.0006006944131837446,52824,,,,,,,,,,,
,52849,0.7955387830734253,71,,,,,,,,,
,52899,0.8794525861740112,71,,,,,,,,,
,52949,0.8230280876159668,71,,,,,,,,,
,52999,0.9538363814353943,71,,,,,,,,,
,53049,1.0002238750457764,71,,,,,,,,,
,53099,0.8753906488418579,71,,,,,,,,,
,53149,0.8674176931381226,71,,,,,,,,,
,53199,0.838257908821106,71,,,,,,,,,
,53249,1.0348570346832275,71,,,,,,,,,
,53299,0.8062560558319092,71,,,,,,,,,
,53349,0.9205078482627869,71,,,,,,,,,
,53399,0.943195104598999,71,,,,,,,,,
,53449,0.9784682989120483,71,,,,,,,,,
,53499,0.8271697759628296,71,,,,,,,,,
,53549,0.8225738406181335,71,,,,,,,,,
,53567,,71,1.0078996419906616,23.99095916748047,12.91404914855957,1.6152961254119873,9.461614608764648,,,,
,53567,,71,,,,,,22.125974655151367,15.011580467224121,1.0752930641174316,6.0391011238098145
0.0005896891689519189,53568,,,,,,,,,,,
,53599,0.8086761236190796,72,,,,,,,,,
,53649,0.8725936412811279,72,,,,,,,,,
,53699,0.6949588656425476,72,,,,,,,,,
,53749,1.0233640670776367,72,,,,,,,,,
,53799,0.8931515216827393,72,,,,,,,,,
,53849,0.8162018060684204,72,,,,,,,,,
,53899,0.8085311651229858,72,,,,,,,,,
,53949,0.883609414100647,72,,,,,,,,,
,53999,0.9352130889892578,72,,,,,,,,,
,54049,0.772106945514679,72,,,,,,,,,
,54099,0.8747062683105469,72,,,,,,,,,
,54149,0.6233490705490112,72,,,,,,,,,
,54199,0.8991794586181641,72,,,,,,,,,
,54249,0.8270728588104248,72,,,,,,,,,
,54299,0.8321936726570129,72,,,,,,,,,
,54311,,72,0.9950748085975647,24.266878128051758,14.050995826721191,1.1106027364730835,9.105278015136719,,,,
,54311,,72,,,,,,22.111101150512695,14.985199928283691,1.0635385513305664,6.062363147735596
0.0005786390152875952,54312,,,,,,,,,,,
,54349,0.930405855178833,73,,,,,,,,,
,54399,0.8322813510894775,73,,,,,,,,,
,54449,0.845618486404419,73,,,,,,,,,
,54499,0.8078051805496216,73,,,,,,,,,
,54549,0.8213618993759155,73,,,,,,,,,
,54599,0.9023458361625671,73,,,,,,,,,
,54649,0.7983436584472656,73,,,,,,,,,
,54699,0.7011027336120605,73,,,,,,,,,
,54749,0.8302791118621826,73,,,,,,,,,
,54799,0.7509342432022095,73,,,,,,,,,
,54849,0.6639212965965271,73,,,,,,,,,
,54899,0.813941240310669,73,,,,,,,,,
,54949,0.9797855615615845,73,,,,,,,,,
,54999,0.9229388236999512,73,,,,,,,,,
,55049,0.8787468671798706,73,,,,,,,,,
,55055,,73,0.9967197775840759,24.069992065429688,13.612855911254883,1.3366055488586426,9.120530128479004,,,,
,55055,,73,,,,,,21.896411895751953,14.912613868713379,1.0673716068267822,5.916426181793213
0.0005675495162759188,55056,,,,,,,,,,,
,55099,0.7715336084365845,74,,,,,,,,,
,55149,0.8073470592498779,74,,,,,,,,,
,55199,0.7030591368675232,74,,,,,,,,,
,55249,0.9460740089416504,74,,,,,,,,,
,55299,0.9918209314346313,74,,,,,,,,,
,55349,0.988618791103363,74,,,,,,,,,
,55399,0.8578189611434937,74,,,,,,,,,
,55449,0.9081671833992004,74,,,,,,,,,
,55499,0.8751772046089172,74,,,,,,,,,
,55549,0.8177154660224915,74,,,,,,,,,
,55599,0.8775075674057007,74,,,,,,,,,
,55649,0.7807589769363403,74,,,,,,,,,
,55699,0.7255396842956543,74,,,,,,,,,
,55749,0.9114362001419067,74,,,,,,,,,
,55799,0.8782894611358643,74,,,,,,,,,
,55799,,74,0.9999695420265198,23.89806365966797,13.123414039611816,1.4863497018814087,9.288299560546875,,,,
,55799,,74,,,,,,21.831607818603516,14.907772064208984,1.0665429830551147,5.8572916984558105
0.0005564262558136021,55800,,,,,,,,,,,
,55849,0.836767852306366,75,,,,,,,,,
,55899,1.0046544075012207,75,,,,,,,,,
,55949,0.8024920225143433,75,,,,,,,,,
,55999,0.9535844326019287,75,,,,,,,,,
,56049,0.7802553176879883,75,,,,,,,,,
,56099,0.9020129442214966,75,,,,,,,,,
,56149,0.8110398650169373,75,,,,,,,,,
,56199,0.7878149151802063,75,,,,,,,,,
,56249,0.8909128308296204,75,,,,,,,,,
,56299,0.9530191421508789,75,,,,,,,,,
,56349,0.7751891016960144,75,,,,,,,,,
,56399,0.8835639953613281,75,,,,,,,,,
,56449,0.8484466671943665,75,,,,,,,,,
,56499,0.8288627862930298,75,,,,,,,,,
,56543,,75,1.0005273818969727,23.942432403564453,13.338324546813965,1.4114775657653809,9.192628860473633,,,,
,56543,,75,,,,,,21.588518142700195,14.795039176940918,1.0701614618301392,5.723317623138428
0.0005452748347972648,56544,,,,,,,,,,,
,56549,0.8339412212371826,76,,,,,,,,,
,56599,0.8478808403015137,76,,,,,,,,,
,56649,0.8316082954406738,76,,,,,,,,,
,56699,0.9187407493591309,76,,,,,,,,,
,56749,0.7249007821083069,76,,,,,,,,,
,56799,0.8402884006500244,76,,,,,,,,,
,56849,0.798671305179596,76,,,,,,,,,
,56899,0.9296587705612183,76,,,,,,,,,
,56949,0.8246167898178101,76,,,,,,,,,
,56999,0.9885873198509216,76,,,,,,,,,
,57049,0.9706001281738281,76,,,,,,,,,
,57099,0.8134611248970032,76,,,,,,,,,
,57149,0.9380779266357422,76,,,,,,,,,
,57199,0.973328709602356,76,,,,,,,,,
,57249,0.877362847328186,76,,,,,,,,,
,57287,,76,1.0009404420852661,23.992345809936523,13.794489860534668,1.2229108810424805,8.974946022033691,,,,
,57287,,76,,,,,,21.580738067626953,14.914995193481445,1.0785378217697144,5.58720588684082
0.0005341008683032136,57288,,,,,,,,,,,
,57299,0.9431765079498291,77,,,,,,,,,
,57349,0.7578974962234497,77,,,,,,,,,
,57399,0.7273848056793213,77,,,,,,,,,
,57449,0.9331100583076477,77,,,,,,,,,
,57499,0.8815511465072632,77,,,,,,,,,
,57549,0.9733468890190125,77,,,,,,,,,
,57599,0.7844828367233276,77,,,,,,,,,
,57649,0.9705718159675598,77,,,,,,,,,
,57699,0.9198045134544373,77,,,,,,,,,
,57749,0.792660117149353,77,,,,,,,,,
,57799,0.7773648500442505,77,,,,,,,,,
,57849,0.8492834568023682,77,,,,,,,,,
,57899,0.7216888666152954,77,,,,,,,,,
,57949,1.0405166149139404,77,,,,,,,,,
,57999,0.8227546215057373,77,,,,,,,,,
,58031,,77,0.9987737536430359,23.86478614807129,13.643359184265137,1.2631199359893799,8.958307266235352,,,,
,58031,,77,,,,,,21.27686882019043,14.726799011230469,1.0551551580429077,5.49491548538208
0.0005229099827600821,58032,,,,,,,,,,,
,58049,0.7703686356544495,78,,,,,,,,,
,58099,0.9022362232208252,78,,,,,,,,,
,58149,0.8777769207954407,78,,,,,,,,,
,58199,0.9726897478103638,78,,,,,,,,,
,58249,0.795986533164978,78,,,,,,,,,
,58299,0.7781960964202881,78,,,,,,,,,
,58349,0.7577261924743652,78,,,,,,,,,
,58399,0.7919661998748779,78,,,,,,,,,
,58449,0.9506376385688782,78,,,,,,,,,
,58499,0.7498180270195007,78,,,,,,,,,
,58549,0.9659566879272461,78,,,,,,,,,
,58599,0.8491064310073853,78,,,,,,,,,
,58649,0.8544437289237976,78,,,,,,,,,
,58699,0.7694053649902344,78,,,,,,,,,
,58749,0.9322209358215332,78,,,,,,,,,
,58775,,78,0.9891197681427002,23.746932983398438,13.852724075317383,1.1258544921875,8.768354415893555,,,,
,58775,,78,,,,,,21.220470428466797,14.715112686157227,1.0335825681686401,5.471775054931641
0.0005117078131157544,58776,,,,,,,,,,,
,58799,0.701622724533081,79,,,,,,,,,
,58849,0.7568461894989014,79,,,,,,,,,
,58899,1.0013422966003418,79,,,,,,,,,
,58949,0.8747780323028564,79,,,,,,,,,
,58999,0.7605293989181519,79,,,,,,,,,
,59049,0.7800190448760986,79,,,,,,,,,
,59099,0.7948031425476074,79,,,,,,,,,
,59149,0.7150393724441528,79,,,,,,,,,
,59199,0.9382359385490417,79,,,,,,,,,
,59249,0.6983637809753418,79,,,,,,,,,
,59299,0.9114350080490112,79,,,,,,,,,
,59349,0.8507691025733948,79,,,,,,,,,
,59399,0.7009813785552979,79,,,,,,,,,
,59449,1.0553686618804932,79,,,,,,,,,
,59499,0.8392777442932129,79,,,,,,,,,
,59519,,79,1.0023763179779053,23.838441848754883,13.328619003295898,1.4017720222473145,9.108051300048828,,,,
,59519,,79,,,,,,21.077924728393555,14.73006820678711,1.0026830434799194,5.345173358917236
0.0005004999999999998,59520,,,,,,,,,,,
,59549,0.9148707389831543,80,,,,,,,,,
,59599,0.7728334069252014,80,,,,,,,,,
,59649,0.735891580581665,80,,,,,,,,,
,59699,0.8613611459732056,80,,,,,,,,,
,59749,0.8506958484649658,80,,,,,,,,,
,59799,0.939044177532196,80,,,,,,,,,
,59849,0.9727351069450378,80,,,,,,,,,
,59899,0.8836545944213867,80,,,,,,,,,
,59949,0.8640505075454712,80,,,,,,,,,
,59999,0.9348717927932739,80,,,,,,,,,
,60049,0.8390498161315918,80,,,,,,,,,
,60099,0.7076183557510376,80,,,,,,,,,
,60149,0.9108749628067017,80,,,,,,,,,
,60199,0.7884786128997803,80,,,,,,,,,
,60249,0.9367355108261108,80,,,,,,,,,
,60263,,80,0.9965069890022278,23.64710235595703,13.378534317016602,1.3532437086105347,8.915325164794922,,,,
,60263,,80,,,,,,20.775146484375,14.585124969482422,1.001549482345581,5.188470840454102
0.0004892921868842453,60264,,,,,,,,,,,
,60299,0.994618833065033,81,,,,,,,,,
,60349,0.9329396486282349,81,,,,,,,,,
,60399,0.9128471612930298,81,,,,,,,,,
,60449,0.8067022562026978,81,,,,,,,,,
,60499,0.7161637544631958,81,,,,,,,,,
,60549,1.0505914688110352,81,,,,,,,,,
,60599,0.9039992690086365,81,,,,,,,,,
,60649,0.8588820695877075,81,,,,,,,,,
,60699,0.8800451755523682,81,,,,,,,,,
,60749,0.7627453804016113,81,,,,,,,,,
,60799,0.8198564052581787,81,,,,,,,,,
,60849,0.7506486773490906,81,,,,,,,,,
,60899,0.9496796131134033,81,,,,,,,,,
,60949,0.720539391040802,81,,,,,,,,,
,60999,0.7953758239746094,81,,,,,,,,,
,61007,,81,0.9970961809158325,23.68037986755371,13.388239860534668,1.3490842580795288,8.943055152893066,,,,
,61007,,81,,,,,,20.739490509033203,14.555309295654297,0.9939206838607788,5.190260410308838
0.0004780900172399177,61008,,,,,,,,,,,
,61049,0.8230276703834534,82,,,,,,,,,
,61099,0.8152089715003967,82,,,,,,,,,
,61149,0.7157469987869263,82,,,,,,,,,
,61199,0.8534573316574097,82,,,,,,,,,
,61249,1.045790195465088,82,,,,,,,,,
,61299,0.8166018128395081,82,,,,,,,,,
,61349,0.8212893009185791,82,,,,,,,,,
,61399,0.8961489200592041,82,,,,,,,,,
,61449,0.6793534755706787,82,,,,,,,,,
,61499,0.8111786842346191,82,,,,,,,,,
,61549,0.852448582649231,82,,,,,,,,,
,61599,0.8669688105583191,82,,,,,,,,,
,61649,0.8922744989395142,82,,,,,,,,,
,61699,0.8879610300064087,82,,,,,,,,,
,61749,0.8013032674789429,82,,,,,,,,,
,61751,,82,0.9999716877937317,23.66790008544922,13.205219268798828,1.4378215074539185,9.024860382080078,,,,
,61751,,82,,,,,,20.673017501831055,14.652225494384766,0.9997103214263916,5.021081924438477
0.0004668991316967861,61752,,,,,,,,,,,
,61799,0.8855450749397278,83,,,,,,,,,
,61849,0.8255132436752319,83,,,,,,,,,
,61899,0.8074181079864502,83,,,,,,,,,
,61949,0.9207412004470825,83,,,,,,,,,
,61999,0.886648416519165,83,,,,,,,,,
,62049,0.7680091857910156,83,,,,,,,,,
,62099,0.6001898050308228,83,,,,,,,,,
,62149,0.7849672436714172,83,,,,,,,,,
,62199,0.9132673144340515,83,,,,,,,,,
,62249,0.8752076029777527,83,,,,,,,,,
,62299,0.883174479007721,83,,,,,,,,,
,62349,0.815239667892456,83,,,,,,,,,
,62399,1.0628821849822998,83,,,,,,,,,
,62449,0.8790321946144104,83,,,,,,,,,
,62495,,83,0.9964126944541931,23.552820205688477,13.155303955078125,1.412864089012146,8.984651565551758,,,,
,62495,,83,,,,,,20.408538818359375,14.480732917785645,0.9710366129875183,4.9567694664001465
0.0004557251652027349,62496,,,,,,,,,,,
,62499,0.8511495590209961,84,,,,,,,,,
,62549,0.789567232131958,84,,,,,,,,,
,62599,0.7987188100814819,84,,,,,,,,,
,62649,0.718127965927124,84,,,,,,,,,
,62699,0.7274700999259949,84,,,,,,,,,
,62749,0.7573156952857971,84,,,,,,,,,
,62799,1.0108344554901123,84,,,,,,,,,
,62849,0.8464527130126953,84,,,,,,,,,
,62899,0.8503032326698303,84,,,,,,,,,
,62949,0.8451849222183228,84,,,,,,,,,
,62999,1.044405221939087,84,,,,,,,,,
,63049,0.8333374261856079,84,,,,,,,,,
,63099,0.8010408878326416,84,,,,,,,,,
,63149,0.868589460849762,84,,,,,,,,,
,63199,0.8803077936172485,84,,,,,,,,,
,63239,,84,0.9988638758659363,23.588869094848633,13.470044136047363,1.2658929824829102,8.85293197631836,,,,
,63239,,84,,,,,,20.42575454711914,14.500669479370117,0.9781265258789062,4.946957588195801
0.0004445737441863976,63240,,,,,,,,,,,
,63249,0.7488788366317749,85,,,,,,,,,
,63299,0.7827161550521851,85,,,,,,,,,
,63349,0.6541663408279419,85,,,,,,,,,
,63399,0.7230566740036011,85,,,,,,,,,
,63449,0.8459243774414062,85,,,,,,,,,
,63499,0.7861602306365967,85,,,,,,,,,
,63549,0.7109875082969666,85,,,,,,,,,
,63599,0.9062100052833557,85,,,,,,,,,
,63649,0.8112756013870239,85,,,,,,,,,
,63699,0.8871215581893921,85,,,,,,,,,
,63749,0.9115437269210815,85,,,,,,,,,
,63799,0.7357831597328186,85,,,,,,,,,
,63849,0.7586718797683716,85,,,,,,,,,
,63899,0.8419468402862549,85,,,,,,,,,
,63949,0.97724449634552,85,,,,,,,,,
,63983,,85,0.9919196367263794,23.678993225097656,13.460338592529297,1.3518571853637695,8.86679744720459,,,,
,63983,,85,,,,,,20.061254501342773,14.341141700744629,0.9368374943733215,4.783276081085205
0.000433450483724081,63984,,,,,,,,,,,
,63999,0.7431324124336243,86,,,,,,,,,
,64049,0.8008213639259338,86,,,,,,,,,
,64099,0.7141543626785278,86,,,,,,,,,
,64149,0.8456426858901978,86,,,,,,,,,
,64199,0.8181946277618408,86,,,,,,,,,
,64249,0.7467575669288635,86,,,,,,,,,
,64299,0.7145189046859741,86,,,,,,,,,
,64349,0.9633703231811523,86,,,,,,,,,
,64399,0.8263610005378723,86,,,,,,,,,
,64449,0.7525122165679932,86,,,,,,,,,
,64499,0.7343870401382446,86,,,,,,,,,
,64549,0.8472442030906677,86,,,,,,,,,
,64599,0.7816784381866455,86,,,,,,,,,
,64649,0.727912187576294,86,,,,,,,,,
,64699,0.7224180698394775,86,,,,,,,,,
,64727,,86,0.9946323037147522,23.217281341552734,13.37992000579834,1.2894638776779175,8.547897338867188,,,,
,64727,,86,,,,,,20.09492301940918,14.416617393493652,0.9543967247009277,4.7239089012146
0.0004223609847124046,64728,,,,,,,,,,,
,64749,0.7649683952331543,87,,,,,,,,,
,64799,0.7648373246192932,87,,,,,,,,,
,64849,0.7972273826599121,87,,,,,,,,,
,64899,0.9187371730804443,87,,,,,,,,,
,64949,0.8109079003334045,87,,,,,,,,,
,64999,0.8556784391403198,87,,,,,,,,,
,65049,0.7902499437332153,87,,,,,,,,,
,65099,0.7350704669952393,87,,,,,,,,,
,65149,0.7213122844696045,87,,,,,,,,,
,65199,0.7248139381408691,87,,,,,,,,,
,65249,0.8403051495552063,87,,,,,,,,,
,65299,0.7094371318817139,87,,,,,,,,,
,65349,0.8521912693977356,87,,,,,,,,,
,65399,0.8236695528030396,87,,,,,,,,,
,65449,0.8797836303710938,87,,,,,,,,,
,65471,,87,0.996536374092102,23.62491798400879,13.582352638244629,1.2409356832504272,8.801630973815918,,,,
,65471,,87,,,,,,19.965450286865234,14.40178394317627,0.9314137697219849,4.6322526931762695
0.0004113108310480809,65472,,,,,,,,,,,
,65499,0.7102563381195068,88,,,,,,,,,
,65549,0.7851664423942566,88,,,,,,,,,
,65599,0.7123641967773438,88,,,,,,,,,
,65649,0.7719560861587524,88,,,,,,,,,
,65699,0.8180521130561829,88,,,,,,,,,
,65749,0.8310704231262207,88,,,,,,,,,
,65799,0.7282755374908447,88,,,,,,,,,
,65849,0.7547276020050049,88,,,,,,,,,
,65899,0.9400546550750732,88,,,,,,,,,
,65949,0.734801173210144,88,,,,,,,,,
,65999,0.6692962646484375,88,,,,,,,,,
,66049,0.7586827874183655,88,,,,,,,,,
,66099,0.8430443406105042,88,,,,,,,,,
,66149,0.7596436738967896,88,,,,,,,,,
,66199,0.8482715487480164,88,,,,,,,,,
,66215,,88,0.9976602792739868,23.45021629333496,13.397945404052734,1.3282864093780518,8.72398567199707,,,,
,66215,,88,,,,,,19.831998825073242,14.320711135864258,0.9489549994468689,4.562333106994629
0.00040030558681625514,66216,,,,,,,,,,,
,66249,0.8006961345672607,89,,,,,,,,,
,66299,0.8031903505325317,89,,,,,,,,,
,66349,0.7368452548980713,89,,,,,,,,,
,66399,0.7977472543716431,89,,,,,,,,,
,66449,0.803602397441864,89,,,,,,,,,
,66499,0.6633157134056091,89,,,,,,,,,
,66549,0.7024016380310059,89,,,,,,,,,
,66599,0.760565996170044,89,,,,,,,,,
,66649,0.8758634328842163,89,,,,,,,,,
,66699,0.7550099492073059,89,,,,,,,,,
,66749,0.7876883745193481,89,,,,,,,,,
,66799,0.7886784076690674,89,,,,,,,,,
,66849,0.8063843250274658,89,,,,,,,,,
,66899,0.8246147632598877,89,,,,,,,,,
,66949,0.7352526187896729,89,,,,,,,,,
,66959,,89,0.9930477738380432,23.41000747680664,13.395172119140625,1.3019424676895142,8.71289348602295,,,,
,66959,,89,,,,,,19.731830596923828,14.294561386108398,0.9495947360992432,4.487673759460449
0.0003893507934888208,66960,,,,,,,,,,,
,66999,0.7385181188583374,90,,,,,,,,,
,67049,0.8127449750900269,90,,,,,,,,,
,67099,0.6797165274620056,90,,,,,,,,,
,67149,0.9010613560676575,90,,,,,,,,,
,67199,0.8200896382331848,90,,,,,,,,,
,67249,0.7746387720108032,90,,,,,,,,,
,67299,0.5759677886962891,90,,,,,,,,,
,67349,0.7577767372131348,90,,,,,,,,,
,67399,0.9388550519943237,90,,,,,,,,,
,67449,0.7392609715461731,90,,,,,,,,,
,67499,0.8483444452285767,90,,,,,,,,,
,67549,0.7569217681884766,90,,,,,,,,,
,67599,0.6847262382507324,90,,,,,,,,,
,67649,0.7937830686569214,90,,,,,,,,,
,67699,0.7440268397331238,90,,,,,,,,,
,67703,,90,0.994616687297821,23.193710327148438,13.151144981384277,1.3795876502990723,8.662978172302246,,,,
,67703,,90,,,,,,19.786144256591797,14.40396499633789,0.9196558594703674,4.462523937225342
0.0003784519671341218,67704,,,,,,,,,,,
,67749,0.6687514781951904,91,,,,,,,,,
,67799,0.8407856822013855,91,,,,,,,,,
,67849,0.8316845893859863,91,,,,,,,,,
,67899,0.8874500393867493,91,,,,,,,,,
,67949,0.8589731454849243,91,,,,,,,,,
,67999,0.7838196754455566,91,,,,,,,,,
,68049,0.8654505014419556,91,,,,,,,,,
,68099,0.6484811305999756,91,,,,,,,,,
,68149,0.7641665935516357,91,,,,,,,,,
,68199,0.868693470954895,91,,,,,,,,,
,68249,0.7760815620422363,91,,,,,,,,,
,68299,0.7576663494110107,91,,,,,,,,,
,68349,0.7670173645019531,91,,,,,,,,,
,68399,0.9445378184318542,91,,,,,,,,,
,68447,,91,0.9967976212501526,23.36702537536621,13.612855911254883,1.1563578844070435,8.597811698913574,,,,
,68447,,91,,,,,,19.504663467407227,14.284334182739258,0.9106834530830383,4.309645175933838
0.00036761459563944575,68448,,,,,,,,,,,
,68449,0.7985697984695435,92,,,,,,,,,
,68499,0.8379724025726318,92,,,,,,,,,
,68549,0.6927692890167236,92,,,,,,,,,
,68599,0.7801697850227356,92,,,,,,,,,
,68649,0.8119555711746216,92,,,,,,,,,
,68699,0.8023483753204346,92,,,,,,,,,
,68749,0.8275768756866455,92,,,,,,,,,
,68799,0.7757896184921265,92,,,,,,,,,
,68849,0.768293023109436,92,,,,,,,,,
,68899,0.5508270263671875,92,,,,,,,,,
,68949,0.8420459628105164,92,,,,,,,,,
,68999,0.9348081350326538,92,,,,,,,,,
,69049,0.6488513946533203,92,,,,,,,,,
,69099,0.8594964742660522,92,,,,,,,,,
,69149,0.78276526927948,92,,,,,,,,,
,69191,,92,1.0033671855926514,23.214508056640625,13.033289909362793,1.3851337432861328,8.7960844039917,,,,
,69191,,92,,,,,,19.261232376098633,14.1920804977417,0.9009822010993958,4.16817045211792
0.0003568441359477071,69192,,,,,,,,,,,
,69199,0.8061612248420715,93,,,,,,,,,
,69249,0.8476603031158447,93,,,,,,,,,
,69299,0.7879616022109985,93,,,,,,,,,
,69349,0.9648500680923462,93,,,,,,,,,
,69399,0.6960282325744629,93,,,,,,,,,
,69449,0.7599276900291443,93,,,,,,,,,
,69499,0.7493932247161865,93,,,,,,,,,
,69549,0.7879944443702698,93,,,,,,,,,
,69599,0.956114649772644,93,,,,,,,,,
,69649,0.8755945563316345,93,,,,,,,,,
,69699,0.7416905760765076,93,,,,,,,,,
,69749,0.8751897811889648,93,,,,,,,,,
,69799,0.7384585738182068,93,,,,,,,,,
,69849,0.6212520599365234,93,,,,,,,,,
,69899,0.7525074481964111,93,,,,,,,,,
,69935,,93,1.0014277696609497,23.350387573242188,13.063794136047363,1.4184101819992065,8.868183135986328,,,,
,69935,,93,,,,,,19.28491973876953,14.217519760131836,0.8616385459899902,4.2057623863220215
0.0003461460113097136,69936,,,,,,,,,,,
,69949,1.0880345106124878,94,,,,,,,,,
,69999,0.697606086730957,94,,,,,,,,,
,70049,0.7968393564224243,94,,,,,,,,,
,70099,0.9478920102119446,94,,,,,,,,,
,70149,0.7672829031944275,94,,,,,,,,,
,70199,0.714272141456604,94,,,,,,,,,
,70249,0.7630438804626465,94,,,,,,,,,
,70299,0.6542436480522156,94,,,,,,,,,
,70349,0.8191558122634888,94,,,,,,,,,
,70399,0.8065661191940308,94,,,,,,,,,
,70449,0.8606234788894653,94,,,,,,,,,
,70499,0.8677631616592407,94,,,,,,,,,
,70549,0.7578465342521667,94,,,,,,,,,
,70599,0.5837584733963013,94,,,,,,,,,
,70649,0.8594799041748047,94,,,,,,,,,
,70679,,94,1.004320740699768,23.37257194519043,13.309207916259766,1.2700525522232056,8.79331111907959,,,,
,70679,,94,,,,,,19.074289321899414,14.117844581604004,0.8720986843109131,4.084344863891602
0.0003355256085533939,70680,,,,,,,,,,,
,70699,0.9232536554336548,95,,,,,,,,,
,70749,0.8510491847991943,95,,,,,,,,,
,70799,0.772091269493103,95,,,,,,,,,
,70849,0.8205602169036865,95,,,,,,,,,
,70899,0.8132650852203369,95,,,,,,,,,
,70949,0.6893488764762878,95,,,,,,,,,
,70999,0.7426387071609497,95,,,,,,,,,
,71049,0.682833194732666,95,,,,,,,,,
,71099,0.8371437788009644,95,,,,,,,,,
,71149,0.7147148847579956,95,,,,,,,,,
,71199,0.8936543464660645,95,,,,,,,,,
,71249,0.804619550704956,95,,,,,,,,,
,71299,0.8467786312103271,95,,,,,,,,,
,71349,0.9101883172988892,95,,,,,,,,,
,71399,0.7668870091438293,95,,,,,,,,,
,71423,,95,0.9989362955093384,23.312952041625977,13.446473121643066,1.218751311302185,8.647727012634277,,,,
,71423,,95,,,,,,19.021730422973633,14.120397567749023,0.8631601333618164,4.038172245025635
0.0003249882753713692,71424,,,,,,,,,,,
,71449,0.7976605892181396,96,,,,,,,,,
,71499,0.7566241025924683,96,,,,,,,,,
,71549,0.8543429374694824,96,,,,,,,,,
,71599,0.9287535548210144,96,,,,,,,,,
,71649,0.7574344873428345,96,,,,,,,,,
,71699,0.9829536080360413,96,,,,,,,,,
,71749,0.6531863212585449,96,,,,,,,,,
,71799,0.7953987717628479,96,,,,,,,,,
,71849,0.6957489252090454,96,,,,,,,,,
,71899,0.8294508457183838,96,,,,,,,,,
,71949,0.8028913736343384,96,,,,,,,,,
,71999,0.8193386197090149,96,,,,,,,,,
,72049,0.7424207925796509,96,,,,,,,,,
,72099,0.7616473436355591,96,,,,,,,,,
,72149,0.7038885354995728,96,,,,,,,,,
,72167,,96,1.0077613592147827,23.403076171875,13.122027397155762,1.4087045192718506,8.872343063354492,,,,
,72167,,96,,,,,,19.04364585876465,14.149754524230957,0.870203971862793,4.023686408996582
